"name","code","price","age","pieces","origin","year","month","length","width","height","weight","category"
"부엉과 숲 박물관",77056,119900,7,543,"중국",2025,8,38.2,26.2,7.05,879,"animal-crossing"
"카라멜의 작은 집",77058,29900,6,149,"중국",2025,8,20.5,19.1,4.6,245,"animal-crossing"
"부옥의 별자리 관측",77053,12900,6,78,NA,2025,NA,NA,NA,NA,NA,"animal-crossing"
"사계절 홈 디자이너 세트",77057,139900,7,814,"중국",2025,8,54,28.2,7.85,1655,"animal-crossing"
"광장에서 K.K. 라이브",77052,114900,7,550,"중국",2024,8,45.6,28.2,6.1,584,"animal-crossing"
"너굴 상점과 부케의 집",77050,109900,7,535,NA,2024,NA,NA,NA,NA,NA,"animal-crossing"
"여울님을 초대합니다",77049,52900,6,389,"중국",2024,3,28.2,26.2,7.6,637,"animal-crossing"
"도도 항공으로 하늘 여행",77051,52900,7,292,"중국",2024,8,35.4,19.1,5.9,375,"animal-crossing"
"갑돌의 보트 투어",77048,44900,6,233,"중국",2024,3,35.4,19.1,5.9,427,"animal-crossing"
"늘봉의 여행하는 원예점",77054,44900,7,263,"중국",2025,1,35.4,19.1,5.9,385,"animal-crossing"
"에이블 시스터즈 옷가게",77055,52900,6,322,"중국",2025,1,26.2,22.2,6.2,318,"animal-crossing"
"릴리안의 즐거운 캠핑",77047,29900,6,164,"중국",2024,3,26.2,19.1,4.6,338,"animal-crossing"
"유니오의 생일 파티",77046,19900,6,170,"중국",2024,3,26.2,14.1,4.8,227,"animal-crossing"
"노이슈반슈타인 성",21063,369900,18,3455,"중국",2025,8,55.5,37.8,13.2,3387,"architecture"
"파리 노트르담",21061,299900,18,4383,NA,2024,NA,NA,NA,NA,NA,"architecture"
"트레비 분수",21062,219900,18,1880,"중국",2025,3,48,37.8,9.4,2084,"architecture"
"런던",21034,64900,12,468,NA,2017,1,26.2,19.1,6.1,526,"architecture"
"자유의 여신상",21042,149900,16,1685,"중국",2018,6,19.1,35.4,11.8,1353,"architecture"
"기자의 피라미드",21058,189900,18,1476,"중국",2022,6,48,37.8,11.2,2471,"architecture"
"파리 - 사랑의 도시",21064,109900,18,958,NA,2026,NA,NA,NA,NA,NA,"architecture"
"히메지 성",21060,209900,18,2125,NA,2023,NA,NA,NA,NA,NA,"architecture"
"뉴욕시티",21028,79000,12,598,NA,2016,1,26.2,19.1,6.1,657,"architecture"
"레고® 하우스",21037,69900,12,774,NA,2017,8,26.2,19.1,9.1,785,"architecture"
"은하수 은하계",31212,259900,18,3091,"중국",2024,5,55.5,37.8,13.2,28875,"art"
"Vincent van Gogh – 해바라기",31215,279900,18,2615,NA,2025,NA,NA,NA,NA,NA,"art"
"거대한 파도",31208,149900,18,1810,"헝가리",2023,1,48,37.8,11.2,2696,"art"
"키스 해링 – 댄싱 피겨",31216,169900,18,1773,"중국",2025,5,54,28.2,11.8,2336,"art"
"LOVE",31214,104900,18,791,"중국",2025,1,26.2,38.2,11.8,1400,"art"
"모나리자",31213,149900,18,1503,NA,2024,NA,NA,NA,NA,NA,"art"
"동물 컬렉션 - 호랑이",31217,89900,18,744,NA,2025,NA,NA,NA,NA,NA,"art"
"벚꽃 풍경",31218,169900,18,1892,NA,2026,NA,NA,NA,NA,NA,"art"
"배트맨: 애니메이션 시리즈 고담 시티™",76271,399900,18,4210,NA,2024,NA,NA,NA,NA,NA,"lego-batman-sets"
"배트맨 대 슈퍼맨™ 배트모빌™",76331,NA,9,220,NA,2026,NA,NA,NA,NA,NA,"lego-batman-sets"
"배트맨™ 배트모빌™",76332,44900,9,330,NA,2026,NA,NA,NA,NA,NA,"lego-batman-sets"
"배트맨과 로빈™ 배트모빌™",76333,44900,9,272,NA,2026,NA,NA,NA,NA,NA,"lego-batman-sets"
"배트맨™ 로고",76330,109900,12,678,NA,2026,NA,NA,NA,NA,NA,"lego-batman-sets"
"아캄 어사일럼™",76300,409900,18,2953,"중국",2025,9,55.5,37.8,15.7,3888,"lego-batman-sets"
"배트맨 포에버™ 배트모빌™",76304,149900,12,909,"중국",2025,8,38.2,26.2,9.4,1150,"lego-batman-sets"
"배트맨™ 텀블러 대 투페이스™와 조커™",76303,89900,8,429,NA,2025,NA,NA,NA,NA,NA,"lego-batman-sets"
"배트맨™ 85주년 기념 한정판 에디션",40726,42000,10,325,"체코",2024,7,19.1,26.2,11.8,674,"lego-batman-sets"
"배트맨™ 배틀 피겨 및 배트 포드 바이크",76273,109900,12,713,NA,2024,6,38.2,26.2,7.05,1002,"lego-batman-sets"
"배트맨™ 대 할리 퀸™과 미스터 프리즈™",76274,89900,8,435,NA,2024,6,38.2,26.2,5.65,714,"lego-batman-sets"
"배트맨™: 클래식 TV 시리즈 배트모빌™",76328,199900,18,1822,NA,2024,NA,NA,NA,NA,NA,"lego-batman-sets"
"슈퍼맨™ 로봇 대 렉스 루터™",76302,21900,6,120,NA,2025,NA,NA,NA,NA,NA,"lego-batman-sets"
"배트맨™ 8 in 1 피겨",40748,34900,10,325,NA,2024,NA,NA,NA,NA,NA,"lego-batman-sets"
"배트맨™과 배트모빌™ 대 미스터 프리즈™",76301,29900,4,63,NA,2025,NA,NA,NA,NA,NA,"lego-batman-sets"
"배트맨™ 맥 로봇",76270,19900,6,140,NA,2024,6,14.1,19.1,4.6,159,"lego-batman-sets"
"배트걸™ 열쇠고리",854320,8000,6,NA,"중국",2025,8,15.5,4.5,0.57,13,"lego-batman-sets"
"할리 퀸™ 열쇠고리",854238,8000,6,NA,"중국",2023,1,15,4.5,0.3,14,"lego-batman-sets"
"배트맨™ 열쇠고리",854235,8000,6,NA,"중국",2023,1,16,4.5,0.92,15,"lego-batman-sets"
"블루이의 패밀리 하우스",11203,99900,4,382,"중국",2025,6,45.6,28.2,7.2,1155,"bluey"
"블루이의 해변과 패밀리카 여행",11202,44900,4,133,"중국",2025,6,26.2,19.1,6.1,392,"bluey"
"블루이와 클로이의 재미있는 놀이터",11201,29900,4,104,NA,2025,NA,NA,NA,NA,NA,"bluey"
"블루이의 패밀리 하우스와 메모리 게임",10459,99900,3,83,NA,2025,NA,NA,NA,NA,NA,"bluey"
"블루이의 아이스크림 여행",10458,44900,2,22,NA,2025,NA,NA,NA,NA,NA,"bluey"
"핑크 장미 꽃다발",10374,79900,18,789,"중국",2025,10,26.2,38.2,7.05,765,"botanicals"
"핑크 꽃다발",10342,79900,18,749,NA,2025,NA,NA,NA,NA,NA,"botanicals"
"매화",10369,44900,18,327,"중국",2024,8,19.1,26.2,6.1,353,"botanicals"
"미니 난초",10343,44900,18,274,NA,2025,NA,NA,NA,NA,NA,"botanicals"
"히비스커스",10372,99900,18,660,"중국",2025,8,26.2,38.2,7.05,720,"botanicals"
"크리스마스 테이블 장식",40743,55000,12,433,"헝가리",2024,9,26.2,22.2,7.6,510,"botanicals"
"해바라기",40524,20900,8,191,NA,2022,1,19.1,14.1,4.6,136,"botanicals"
"포인세티아",10370,69900,18,608,NA,2024,NA,NA,NA,NA,NA,"botanicals"
"미니 분재나무",10373,79900,18,709,"중국",2025,8,28.2,26.2,5.9,603,"botanicals"
"수선화",40646,20900,18,216,NA,2023,NA,NA,NA,NA,NA,"botanicals"
"쁘띠 부케",10347,44900,9,373,NA,2025,NA,NA,NA,NA,NA,"botanicals"
"미니어처 식물들",10329,69900,18,758,"중국",2023,12,38.2,26.2,5.65,707,"botanicals"
"꽃다발",10280,89900,18,756,NA,2021,NA,NA,NA,NA,NA,"botanicals"
"장미",40460,20900,8,120,NA,2021,1,19.1,14.1,4.6,130,"botanicals"
"장미 꽃다발",10328,89900,18,822,"중국",2024,1,26.2,38.2,7.05,734,"botanicals"
"난초",10311,69900,18,608,NA,2022,5,26.2,38.2,7.05,758,"botanicals"
"꽃꽂이",10345,159900,18,1161,NA,2025,NA,NA,NA,NA,NA,"botanicals"
"단풍나무 분재",10348,79900,18,474,NA,2025,NA,NA,NA,NA,NA,"botanicals"
"봄날의 햇살",10349,29900,9,217,NA,2025,NA,NA,NA,NA,NA,"botanicals"
"분재나무",10281,74900,18,878,"중국",2021,1,26.2,38.2,7.05,740,"botanicals"
"야생화 꽃다발",10313,89900,18,939,NA,2023,NA,NA,NA,NA,NA,"botanicals"
"크리스마스 화환",10340,149900,18,1194,NA,2024,NA,NA,NA,NA,NA,"botanicals"
"튤립 꽃다발",11501,80900,18,576,NA,2026,NA,NA,NA,NA,NA,"botanicals"
"행운의 대나무",10344,44900,18,325,NA,2025,NA,NA,NA,NA,NA,"botanicals"
"데이지",11508,21900,9,133,NA,2026,NA,NA,NA,NA,NA,"botanicals"
"벚꽃",40725,20900,8,430,NA,2024,1,14.1,19.1,4.6,178,"botanicals"
"스파티필럼",11504,80900,18,474,NA,2026,NA,NA,NA,NA,NA,"botanicals"
"국화",10368,44900,18,278,"중국",2024,8,19.1,26.2,6.1,377,"botanicals"
"꽃피는 선인장",11509,44900,9,482,NA,2026,NA,NA,NA,NA,NA,"botanicals"
"다육식물",10309,69900,18,771,"중국",2022,5,38.2,26.2,5.65,665,"botanicals"
"연꽃",40647,20900,8,220,NA,2023,6,14.1,19.1,4.6,173,"botanicals"
"점자의 발견 - 영어 알파벳",40656,124000,6,287,NA,NA,NA,NA,NA,NA,NA,"braille-bricks"
"마이크, 더스틴, 루카스, 윌 피겨",40801,59900,10,542,"중국",2025,10,35.4,19.1,5.9,541,"brickheadz"
"엘파바와 글린다 피겨",40794,28200,10,325,"중국",2025,9,19.1,14.1,9.1,335,"brickheadz"
"배트맨™ 8 in 1 피겨",40748,34900,10,325,NA,2024,NA,NA,NA,NA,NA,"brickheadz"
"톰과 제리 피겨",40793,21900,10,212,"중국",2024,12,19.1,14.1,6.1,204,"brickheadz"
"아이언 맨 MK5 피겨",40669,13500,10,101,NA,2024,NA,NA,NA,NA,NA,"brickheadz"
"덤보",40792,13500,10,176,"중국",2025,2,12.2,14.1,6.1,201,"brickheadz"
"레서팬더 메이",40798,13500,10,121,"중국",2025,2,12.2,14.1,6.1,141,"brickheadz"
"아이언 스파이더맨",40670,13500,10,91,"체코",2024,2,9.1,12.2,7.8,116,"brickheadz"
"이브와 월•E",40619,20500,10,155,NA,2023,NA,NA,NA,NA,NA,"brickheadz"
"화분에 심어진 그루트",40671,13500,10,113,"헝가리",2024,2,9.1,12.2,7.8,119,"brickheadz"
"칼, 러셀, 케빈",40752,28200,10,308,"덴마크",2024,6,19.1,14.1,9.1,304,"brickheadz"
"이요르",40797,13500,10,156,"중국",2025,2,12.2,14.1,6.1,142,"brickheadz"
"스티치",40674,13500,10,152,"덴마크",2024,2,9.1,12.2,5.85,126,"brickheadz"
"Optimus Prime 로봇과 자동차",40803,28200,10,237,"중국",2025,3,19.1,14.1,6.1,299,"brickheadz"
"기쁨, 슬픔, 불안",40749,28200,10,300,NA,2024,NA,NA,NA,NA,NA,"brickheadz"
"웬즈데이와 이니드",40750,28200,10,239,"헝가리",2024,10,19.1,14.1,6.1,254,"brickheadz"
"드리프트와 레이븐 피겨",40884,28200,10,280,"중국",2025,10,19.1,14.1,7.05,298,"brickheadz"
"Bumblebee 로봇과 자동차",40804,28200,10,253,NA,2025,NA,NA,NA,NA,NA,"brickheadz"
"캡틴 아메리카와 레드 헐크 피겨",40668,28200,10,202,NA,2024,NA,NA,NA,NA,NA,"brickheadz"
"클론 사령관 코디™",40675,13500,10,147,"중국",2024,5,9.1,12.2,7.8,138,"brickheadz"
"루크 스카이워커™(반란군 파일럿)",40795,13500,10,138,NA,2025,NA,NA,NA,NA,NA,"brickheadz"
"불의 잔™ 피겨",40791,74900,10,671,"중국",2025,9,35.4,19.1,9.1,744,"brickheadz"
"시스의 복수™ 영웅과 악당",40796,74900,10,656,NA,2025,NA,NA,NA,NA,NA,"brickheadz"
"오비완 케노비™와 다스베이더™",40547,28200,10,260,"덴마크",2022,5,19.1,14.1,7.05,266,"brickheadz"
"프로도™와 골룸™",40630,20500,10,184,NA,2023,NA,NA,NA,NA,NA,"brickheadz"
"루나 러브굿™과 세스트랄 피겨",40802,28200,10,292,"중국",2025,9,19.1,14.1,7.05,299,"brickheadz"
"광대 버기 피겨",40800,13500,10,176,"중국",2025,8,12.2,14.1,6.1,150,"brickheadz"
"몽키 D. 루피 피겨",40799,13500,10,136,NA,2025,NA,NA,NA,NA,NA,"brickheadz"
"북극탐사 무선조종 특급 열차",60470,279900,7,1517,NA,2025,NA,NA,NA,NA,NA,"city"
"시티 타워",60473,279900,8,1941,NA,2025,NA,NA,NA,NA,NA,"city"
"도로 조립판",60304,29900,5,112,NA,2021,NA,NA,NA,NA,NA,"city"
"경찰서",60316,89900,6,668,"중국",2022,1,54,28.2,7.85,1399,"city"
"크레인이 있는 대형 복구 견인 트럭",60467,119900,8,793,NA,2025,NA,NA,NA,NA,NA,"city"
"F1® Ferrari 피트 스탑과 크루",60443,44900,6,322,NA,2025,NA,NA,NA,NA,NA,"city"
"긴급 구조 항공기",60465,74900,6,403,NA,2025,NA,NA,NA,NA,NA,"city"
"북극탐사 과학실험실 트럭",60471,159900,8,1064,NA,2025,NA,NA,NA,NA,NA,"city"
"노란색 불도저",60466,89900,8,682,"중국",2025,6,38.2,26.2,7.05,899,"city"
"기차레일",60205,27900,5,20,NA,2018,7,26.2,19.1,6.1,316,"city"
"노란색 건설용 휠 로더",60450,21900,4,81,NA,2025,NA,NA,NA,NA,NA,"city"
"휴가용 어드벤처 캠핑밴",60454,44900,6,385,NA,2025,NA,NA,NA,NA,NA,"city"
"오프로드 경찰차 추격전",60449,59900,6,467,NA,2025,NA,NA,NA,NA,NA,"city"
"도넛 트럭",60452,29900,5,196,NA,2025,NA,NA,NA,NA,NA,"city"
"여객기",60367,154900,7,913,"중국",2023,9,48,37.8,9.4,1815,"city"
"노란색 건설용 굴착기",60420,79900,8,633,NA,2024,NA,NA,NA,NA,NA,"city"
"F1® 트럭과 RB20 & AMR24 F1® 레이스 카",60445,149900,8,1086,NA,2025,NA,NA,NA,NA,NA,"city"
"경찰 감옥섬",60419,149900,7,980,NA,2024,NA,NA,NA,NA,NA,"city"
"중앙 기차역",60469,139900,7,752,NA,2025,NA,NA,NA,NA,NA,"city"
"소방서와 소방트럭",60414,114900,6,843,"중국",2024,1,54,28.2,9.1,1724,"city"
"고속 기차",60337,199900,7,764,"중국",2022,6,58.2,37.8,10.3,2246,"city"
"해변 인명 구조 트럭",60453,36900,6,214,NA,2025,NA,NA,NA,NA,NA,"city"
"소방 구조 보트",60373,29900,5,144,NA,2023,NA,NA,NA,NA,NA,"city"
"버거 트럭",60404,29900,5,194,"중국",2024,1,26.2,19.1,6.1,372,"city"
"F1® Williams Racing & Haas F1® 레이스 카",60464,29900,4,92,NA,2025,NA,NA,NA,NA,NA,"city"
"레고 딜리버리 트럭",60440,149900,8,1061,NA,2024,NA,NA,NA,NA,NA,"city"
"비행기 대 병원 침대 레이스 카 팩",60459,13900,5,70,NA,2025,NA,NA,NA,NA,NA,"city"
"자동차 폐차장",60472,119900,7,871,NA,2025,NA,NA,NA,NA,NA,"city"
"우주선과 소행성 발견",60429,29900,4,126,"중국",2024,1,26.2,19.1,4.6,383,"city"
"항구와 화물선",60422,159900,8,1226,NA,2024,NA,NA,NA,NA,NA,"city"
"빨간색 스포츠카",60448,13900,5,109,NA,2025,NA,NA,NA,NA,NA,"city"
"피자 밴 대 소방트럭 레이스 카 팩",60458,13900,5,70,NA,2025,NA,NA,NA,NA,NA,"city"
"빨간색 이층 관광버스",60407,44900,7,384,NA,2024,NA,NA,NA,NA,NA,"city"
"도시의 전차와 정거장",60423,129900,7,811,"중국",2024,8,54,28.2,7.85,1615,"city"
"F1® 정비소와 Mercedes-AMG & Alpine 레이스 카",60444,119900,7,678,NA,2025,NA,NA,NA,NA,NA,"city"
"소방대 트럭",60374,79900,7,502,"중국",2023,1,48,28.2,6.1,945,"city"
"자동차 운반트럭과 스포츠카",60408,149900,7,998,NA,2024,NA,NA,NA,NA,NA,"city"
"우주기지와 로켓 발사대",60434,189900,8,1422,"중국",2024,1,55.5,37.8,8.7,2314,"city"
"헬리콥터, 소방트럭과 잠수함 리믹스",60462,89900,7,874,NA,2025,NA,NA,NA,NA,NA,"city"
"로봇 월드 롤러코스터 공원",60421,149900,8,986,NA,2024,NA,NA,NA,NA,NA,"city"
"경찰 이동식 범죄수사 트럭",60418,79900,7,674,NA,2024,NA,NA,NA,NA,NA,"city"
"소방 구조 비행기",60413,89900,6,478,NA,2024,NA,NA,NA,NA,NA,"city"
"4x4 소방트럭과 구조용 보트",60412,44900,5,301,NA,2024,NA,NA,NA,NA,NA,"city"
"파란 몬스터 트럭",60402,19900,5,148,"중국",2024,1,20.5,19.1,7.3,317,"city"
"모듈방식 은하계 우주선",60446,119900,7,717,NA,2025,NA,NA,NA,NA,NA,"city"
"경찰차와 머슬카 추격전",60415,29900,6,213,"중국",2024,1,26.2,19.1,6.1,373,"city"
"맞춤형 경찰차 차고",60457,74900,6,489,NA,2025,NA,NA,NA,NA,NA,"city"
"레이스카와 자동차 운반트럭",60406,44900,6,328,NA,2024,NA,NA,NA,NA,NA,"city"
"방향전환 트랙",60238,27900,5,8,NA,2018,7,35.4,19.1,5.9,281,"city"
"응급 구급차",60451,29900,5,184,NA,2025,NA,NA,NA,NA,NA,"city"
"사다리 소방차",60463,29900,4,82,NA,2025,NA,NA,NA,NA,NA,"city"
"모듈식 우주기지",60433,149900,7,1097,"중국",2024,1,48,37.8,7.05,1600,"city"
"정글 탐험가 헬리콥터와 베이스캠프",60437,149900,8,881,NA,2024,NA,NA,NA,NA,NA,"city"
"행성간 우주선",60430,29900,6,240,NA,2024,NA,NA,NA,NA,NA,"city"
"오프로드 4x4 마운틴 트럭",60447,29900,6,221,NA,2025,NA,NA,NA,NA,NA,"city"
"견인트럭과 스포츠카 수리",60435,29900,4,101,NA,2024,NA,NA,NA,NA,NA,"city"
"McLaren 레이스 카와 F1® 드라이버",60442,18900,6,86,"중국",2025,1,15.7,14.1,4.5,123,"city"
"경찰 바이크 추격",60455,13900,4,65,NA,2025,NA,NA,NA,NA,NA,"city"
"무한한 도전: 레이스 카 경사 트랙",60460,74900,6,436,"중국",2025,1,38.2,26.2,7.05,957,"city"
"고카트와 레이서",60400,12900,5,99,"중국",2024,1,15.7,14.1,4.5,126,"city"
"소방 구조 헬리콥터",60411,12900,5,85,NA,2024,NA,NA,NA,NA,NA,"city"
"경찰 보트 추격",60456,44900,6,264,"중국",2025,6,35.4,19.1,9.1,794,"city"
"빨간색 농장 트랙터",60461,29900,4,116,NA,2025,NA,NA,NA,NA,NA,"city"
"정글 탐험가 오프로드 트럭",60426,44900,6,314,NA,2024,NA,NA,NA,NA,NA,"city"
"경찰차",60312,12900,5,94,"중국",2022,1,15.7,14.1,4.5,135,"city"
"노란색 이동식 건설용 크레인",60409,159900,9,1116,NA,2024,NA,NA,NA,NA,NA,"city"
"북극 탐사선",60368,199900,7,815,"중국",2023,6,58.2,37.8,11.8,2595,"city"
"VCARB와 Sauber 레이스 카가 있는 F1® 그리드",60474,44900,6,313,"중국",2025,3,35.4,19.1,5.9,491,"city"
"건설용 스팀롤러",60401,12900,5,78,"중국",2024,1,15.7,14.1,7.1,166,"city"
"건설 트럭과 크레인",60391,76900,4,235,"중국",2023,6,48,28.2,6.1,970,"city"
"레고® 클래식 라지 조립 박스",10698,69900,4,790,NA,2015,1,37,26.2,18,1593,"classic"
"흰색 조립판",11026,10900,4,1,"오스트리아",2022,3,26,30.8,0.3,110,"classic"
"창의력 자동차",11036,79900,5,900,NA,2024,1,38.2,26.2,9.4,1089,"classic"
"녹색 조립판",11023,10900,4,1,"오스트리아",2022,3,26,30.8,0.3,111,"classic"
"회색 조립판",11024,21900,4,1,"오스트리아",2022,3,38.7,43.8,0.3,242,"classic"
"마법의 투명 상자",11040,29900,5,340,"중국",2025,3,26.2,19.1,6.1,404,"classic"
"창의력 상자",11043,44900,5,510,NA,2025,NA,NA,NA,NA,NA,"classic"
"파란색 조립판",11025,10900,4,1,"오스트리아",2022,3,26,30.8,0.3,111,"classic"
"창의력 공룡",11041,52900,5,450,NA,2025,NA,NA,NA,NA,NA,"classic"
"창의력 음식 친구들",11039,13900,4,150,NA,2025,NA,NA,NA,NA,NA,"classic"
"레고® 클래식 미디엄 조립 박스",10696,41900,4,484,NA,2015,1,37,18,18,1066,"classic"
"크리에이티브 조립 가방",10713,29900,4,213,"체코",2018,1,28.5,26.2,6.4,853,"classic"
"창의적인 조립과 놀이 상자",11044,74900,5,750,"중국",2025,3,38.2,26.2,9.4,938,"classic"
"창의적 반려동물",11034,49900,5,450,NA,2024,NA,NA,NA,NA,NA,"classic"
"창의력 쑥쑥 브릭 박스",11038,69900,4,850,NA,2024,NA,NA,NA,NA,NA,"classic"
"아름다운 말",31166,74900,9,685,"중국",2025,8,38.2,26.2,5.65,866,"creator-3-in-1"
"세계의 동물: 거대한 코뿔소",31171,89900,9,780,"중국",2025,8,38.2,26.2,7.05,1055,"creator-3-in-1"
"유령 맨션",31167,139900,9,736,"중국",2025,8,37.8,35.4,7.05,1672,"creator-3-in-1"
"중세 마기사의 성",31168,169900,9,1371,"중국",2025,8,48,37.8,9.4,2313,"creator-3-in-1"
"귀여운 토끼",31162,29900,8,326,NA,2025,NA,NA,NA,NA,NA,"creator-3-in-1"
"중세의 드래곤",31161,79900,9,715,NA,2025,NA,NA,NA,NA,NA,"creator-3-in-1"
"트로피컬 우쿨렐레",31156,44900,8,387,NA,2024,NA,NA,NA,NA,NA,"creator-3-in-1"
"해적선",31109,179900,9,1264,NA,2020,6,48,37.8,9.4,2030,"creator-3-in-1"
"현대식 집",31153,149900,9,939,NA,2024,6,54,28.2,7.85,1898,"creator-3-in-1"
"우주 롤러코스터",31142,157900,9,874,"중국",2023,8,54,28.2,7.85,1859,"creator-3-in-1"
"레트로 카메라",31147,29900,8,261,"중국",2024,1,26.2,19.1,4.6,402,"creator-3-in-1"
"숲속 동물들: 붉은 여우",31154,69900,9,667,"중국",2024,3,38.2,26.2,5.65,841,"creator-3-in-1"
"레트로 전화기",31174,44900,8,383,NA,2025,NA,NA,NA,NA,NA,"creator-3-in-1"
"T-렉스",31151,89900,9,626,"중국",2024,6,38.2,26.2,5.65,922,"creator-3-in-1"
"레코드 플레이어와 꽃",31172,44900,8,366,NA,2025,NA,NA,NA,NA,NA,"creator-3-in-1"
"세계의 동물 탐험: 판다 가족",31165,59900,8,626,NA,2025,NA,NA,NA,NA,NA,"creator-3-in-1"
"야생 사파리 동물들",31150,94900,9,780,"중국",2024,1,26.2,38.2,7.05,1005,"creator-3-in-1"
"트럭과 헬리콥터",31146,29900,7,270,"중국",2024,1,26.2,19.1,4.6,374,"creator-3-in-1"
"트럭과 헬리콥터",31146,29900,7,270,"중국",2024,1,26.2,19.1,4.6,374,"creator-3-in-1"
"항공기: 경주용 비행기",31160,21900,7,178,NA,2025,NA,NA,NA,NA,NA,"creator-3-in-1"
"위풍당당한 호랑이",31129,74900,9,755,NA,2022,1,38.2,26.2,5.65,865,"creator-3-in-1"
"우주 비행사",31152,69900,9,647,NA,2024,NA,NA,NA,NA,NA,"creator-3-in-1"
"세계의 동물 탐험: 놀라운 거미",31159,18900,7,153,NA,2025,NA,NA,NA,NA,NA,"creator-3-in-1"
"해양 동물들",31158,44900,8,421,NA,2024,NA,NA,NA,NA,NA,"creator-3-in-1"
"세계의 동물 탐험: 열대 큰부리새",31173,21900,7,225,"중국",2025,8,26.2,14.1,4.8,294,"creator-3-in-1"
"이국적인 공작",31157,29900,7,355,"중국",2024,1,26.2,19.1,6.1,435,"creator-3-in-1"
"마법의 유니콘",31140,12900,7,145,"중국",2023,3,19.1,14.1,4.6,210,"creator-3-in-1"
"유니콘 성",31175,59900,8,390,"중국",2025,8,28.2,26.2,5.9,640,"creator-3-in-1"
"힘센 공룡",31058,21900,7,174,"중국",2017,1,26.2,14.1,4.8,251,"creator-3-in-1"
"세계의 동물 탐험: 핑크 플라밍고",31170,36900,8,288,NA,2025,NA,NA,NA,NA,NA,"creator-3-in-1"
"장난꾸러기 고양이",31163,36900,8,407,NA,2025,NA,NA,NA,NA,NA,"creator-3-in-1"
"꽃과 타자기",31169,44900,8,363,NA,2025,NA,NA,NA,NA,NA,"creator-3-in-1"
"우주 로봇",31164,36900,8,281,NA,2025,NA,NA,NA,NA,NA,"creator-3-in-1"
"사랑스러운 강아지",31137,44900,7,475,NA,2023,NA,NA,NA,NA,NA,"creator-3-in-1"
"레트로 롤러스케이트",31148,44900,8,342,"중국",2024,1,28.2,26.2,5.9,536,"creator-3-in-1"
"햄스터 쳇바퀴",31155,44900,8,416,NA,2024,NA,NA,NA,NA,NA,"creator-3-in-1"
"우주왕복선",31134,12900,6,144,"중국",2023,3,19.1,14.1,4.6,199,"creator-3-in-1"
"빨간 드래곤",31145,12900,6,149,"중국",2024,1,19.1,14.1,4.6,180,"creator-3-in-1"
"물조리개와 꽃",31149,44900,8,420,"중국",2024,1,28.2,26.2,5.9,580,"creator-3-in-1"
"이국적인 앵무새",31136,34900,7,253,"중국",2023,3,19.1,26.2,6.1,361,"creator-3-in-1"
"배트맨: 애니메이션 시리즈 고담 시티™",76271,399900,18,4210,NA,2024,NA,NA,NA,NA,NA,"dc"
"아캄 어사일럼™",76300,409900,18,2953,"중국",2025,9,55.5,37.8,15.7,3888,"dc"
"배트맨 대 슈퍼맨™ 배트모빌™",76331,44900,9,220,NA,2026,NA,NA,NA,NA,NA,"dc"
"배트맨™ 배트모빌™",76332,44900,9,330,NA,2026,NA,NA,NA,NA,NA,"dc"
"배트맨과 로빈™ 배트모빌™",76333,44900,9,272,NA,2026,NA,NA,NA,NA,NA,"dc"
"배트맨™ 로고",76330,109900,12,678,NA,2026,NA,NA,NA,NA,NA,"dc"
"배트맨™ 텀블러 대 투페이스™와 조커™",76303,89900,8,429,NA,2025,NA,NA,NA,NA,NA,"dc"
"배트맨 포에버™ 배트모빌™",76304,149900,12,909,"중국",2025,8,38.2,26.2,9.4,1150,"dc"
"슈퍼맨™ 로봇 대 렉스 루터™",76302,21900,6,120,NA,2025,NA,NA,NA,NA,NA,"dc"
"배트맨™: 클래식 TV 시리즈 배트모빌™",76328,199900,18,1822,NA,2024,NA,NA,NA,NA,NA,"dc"
"배트맨™ 배틀 피겨 및 배트 포드 바이크",76273,109900,12,713,NA,2024,6,38.2,26.2,7.05,1002,"dc"
"배트맨™ 대 할리 퀸™과 미스터 프리즈™",76274,89900,8,435,NA,2024,6,38.2,26.2,5.65,714,"dc"
"배트맨™과 배트모빌™ 대 미스터 프리즈™",76301,29900,4,63,NA,2025,NA,NA,NA,NA,NA,"dc"
"배트맨™ 8 in 1 피겨",40748,34900,10,325,NA,2024,NA,NA,NA,NA,NA,"dc"
"배트맨™ 맥 로봇",76270,19900,6,140,NA,2024,6,14.1,19.1,4.6,159,"dc"
"할리 퀸™ 열쇠고리",854238,8000,6,NA,"중국",2023,1,15,4.5,0.3,14,"dc"
"배트걸™ 열쇠고리",854320,8000,6,NA,"중국",2025,8,15.5,4.5,0.57,13,"dc"
"배트맨™ 열쇠고리",854235,8000,6,NA,"중국",2023,1,16,4.5,0.92,15,"dc"
"미니언즈와 그루의 패밀리 맨션",75583,149900,8,868,"중국",2024,5,45.6,28.2,7.2,1310,"despicable-me"
"미니언즈와 바나나 카",75580,34900,6,136,NA,2024,NA,NA,NA,NA,NA,"despicable-me"
"브릭 조립 그루와 미니언즈",75582,79900,9,839,"중국",2024,5,26.2,28.2,9.55,948,"despicable-me"
"미니언즈의 음악 파티 버스",75581,52900,7,379,NA,2024,NA,NA,NA,NA,NA,"despicable-me"
"캡틴 잭 스패로우의 해적선",10365,469900,18,2862,NA,2025,NA,NA,NA,NA,NA,"disney"
"디즈니 캐슬",43222,519900,18,4837,"중국",2023,7,48,52.3,21.8,6897,"disney"
"라이트닝 맥퀸",77255,39900,9,270,NA,2026,NA,NA,NA,NA,NA,"disney"
"월-E와 이브",43279,99900,18,811,NA,2025,NA,NA,NA,NA,NA,"disney"
"미니 디즈니 캐슬",40478,55000,12,567,"헝가리",2021,10,19.1,26.2,9.1,553,"disney"
"미녀와 야수의 성",43263,389900,18,2916,NA,2025,NA,NA,NA,NA,NA,"disney"
"Disney Pixar Luxo Jr.",21357,99900,18,613,"중국",2025,6,22.2,26.2,9.5,631,"disney"
"‘업’ 하우스",43217,79900,9,598,NA,2023,NA,NA,NA,NA,NA,"disney"
"월트 디즈니 헌정 카메라",43230,149900,18,811,"중국",2023,9,35.4,37.8,7.05,1127,"disney"
"백설공주와 일곱 난쟁이의 오두막",43242,289900,18,2228,NA,2024,NA,NA,NA,NA,NA,"disney"
"토이 스토리 기차와 RC 자동차",43264,59900,4,206,"중국",2025,6,35.4,19.1,5.9,479,"disney"
"디즈니 팀 버튼의 크리스마스 악몽",21351,269900,18,2193,NA,2024,NA,NA,NA,NA,NA,"disney"
"엘사의 얼음 궁전",43244,149900,6,630,NA,2024,NA,NA,NA,NA,NA,"disney"
"미니 디즈니 에리얼 궁전",40708,55000,12,557,"헝가리",2024,1,19.1,26.2,7.2,507,"disney"
"미키와 미니의 생일 기차",10941,49900,2,22,NA,2021,1,35.4,19.1,7,424,"disney"
"아기 라이언 킹 심바",43243,29900,6,222,NA,2024,NA,NA,NA,NA,NA,"disney"
"엔젤",43257,94900,9,784,NA,2025,NA,NA,NA,NA,NA,"disney"
"미니 디즈니 잠자는 숲속의 공주의 캐슬",40720,55000,12,528,"헝가리",2024,6,19.1,26.2,7.2,538,"disney"
"레이스에 나선 맥",10417,29900,2,14,NA,2024,3,26.2,19.1,9.1,340,"disney"
"디즈니 매직",21352,149900,18,1103,"중국",2024,10,38.2,26.2,9.4,1261,"disney"
"럭키와 페니 101 달마시안 강아지",43271,36900,6,268,NA,2025,NA,NA,NA,NA,NA,"disney"
"공주 궁전과 친구들",43267,169900,6,787,NA,2025,NA,NA,NA,NA,NA,"disney"
"크루엘라의 자동차",43277,74900,9,378,"중국",2025,9,28.2,26.2,5.9,545,"disney"
"101 달마시안 강아지",43269,199900,18,1722,NA,2025,NA,NA,NA,NA,NA,"disney"
"스티치",43249,94900,9,730,"중국",2024,3,26.2,28.2,9.55,869,"disney"
"릴로와 스티치 비치 하우스",43268,139900,9,834,NA,2025,NA,NA,NA,NA,NA,"disney"
"인사이드 아웃 2 무드 큐브",43248,49900,9,394,"중국",2024,5,26.2,19.1,6.1,390.99662294,"disney"
"백설공주 보석상자",43276,64900,6,358,"중국",2024,6,26.2,22.2,7.6,496,"disney"
"카카모라 바지선",43258,149900,7,572,"중국",2025,6,45.6,28.2,6.1,929,"disney"
"헤이헤이",43272,59900,9,566,NA,2025,NA,NA,NA,NA,NA,"disney"
"젊은 라이언 킹 심바",43247,179900,18,1445,"중국",2024,6,35.4,37.8,11.8,1765,"disney"
"신데렐라의 궁전과 마차",43275,119900,6,596,NA,2025,NA,NA,NA,NA,NA,"disney"
"디즈니 호커스 포커스: 샌더슨 자매의 오두막",21341,299900,18,2316,"중국",2023,7,58.2,37.8,10.3,2876,"disney"
"마법의 마드리갈 하우스",43245,209900,7,1560,"중국",2024,6,48,37.8,9.4,1841,"disney"
"모아나의 화분",43252,64900,9,619,NA,2024,6,28.2,26.2,7.6,634,"disney"
"디즈니 프린세스의 시장 구경",43246,149900,6,817,"중국",2024,1,54,28.2,5.9,1167,"disney"
"아렌델 겨울왕국 성",43265,44900,5,177,NA,2025,NA,NA,NA,NA,NA,"disney"
"모아나의 모험 카누",43270,89900,6,529,"중국",2025,1,26.2,28.2,5.9,604,"disney"
"안나의 썰매 모험",43256,59900,4,192,NA,2025,NA,NA,NA,NA,NA,"disney"
"미니 아렌델 성과 엘사의 얼음 궁전",43278,74900,5,306,"중국",2025,6,26.2,22.2,6.2,549,"disney"
"신데렐라의 드레스",43266,59900,9,474,"중국",2025,3,22.2,26.2,6.2,569,"disney"
"말레피센트의 드래곤 형상",43240,99900,6,NA,NA,2024,NA,NA,NA,NA,NA,"disney"
"말레피센트와 크루엘라의 드레스",43262,99900,9,524,NA,2025,NA,NA,NA,NA,NA,"disney"
"에리얼의 음악 무대",43235,22900,4,60,NA,2024,NA,NA,NA,NA,NA,"disney"
"마법의 숲에 온 엘사와 브루니",10418,46900,2,31,"중국",2024,3,28.2,26.2,7.6,455,"disney"
"모아나의 즐거운 섬",43260,29900,5,175,"중국",2025,1,20.5,19.1,6.1,382,"disney"
"이사벨라의 화분",43237,64900,9,641,"중국",2024,3,28.2,26.2,5.9,626,"disney"
"엔칸토 미니 하우스",43261,29900,5,186,NA,2025,NA,NA,NA,NA,NA,"disney"
"미키 마우스 클럽하우스와 자동차",10454,29900,2,27,"중국",2025,3,26.2,19.1,9.1,431,"disney"
"안토니오의 동물 보호구역",43251,52900,6,310,NA,2024,NA,NA,NA,NA,NA,"disney"
"곰돌이 푸의 생일 파티",10457,29900,1,22,"중국",2025,3,26.2,19.1,9.1,364,"disney"
"에리얼의 수정 동굴",43254,44900,4,141,NA,2024,NA,NA,NA,NA,NA,"disney"
"에리얼의 마법 수중 궁전",10435,129900,2,116,NA,2024,6,55.5,37.8,10.3,1971,"disney"
"이브와 월•E",40619,20500,10,155,NA,2023,NA,NA,NA,NA,NA,"disney"
"덤보",40792,13500,10,176,"중국",2025,2,12.2,14.1,6.1,201,"disney"
"이요르",40797,13500,10,156,"중국",2025,2,12.2,14.1,6.1,142,"disney"
"기쁨, 슬픔, 불안",40749,28200,10,300,NA,2024,NA,NA,NA,NA,NA,"disney"
"칼, 러셀, 케빈",40752,28200,10,308,"덴마크",2024,6,19.1,14.1,9.1,304,"disney"
"스티치 열쇠고리",854319,8000,6,NA,"중국",2025,6,15,4.5,0.59,14,"disney"
"스티치",40674,13500,10,152,"덴마크",2024,2,9.1,12.2,5.85,126,"disney"
"미니 열쇠고리",853999,8000,6,NA,"중국",2020,3,16,4.5,0.82,16,"disney"
"도날드 덕 열쇠고리",854111,8000,6,NA,"중국",2021,5,16,4.5,0.69,14,"disney"
"백설공주 열쇠고리",854286,8000,6,NA,"중국",2024,4,15.5,4.5,0.57,12,"disney"
"엘사의 겨울왕국 궁전",43238,64900,4,163,"중국",2024,1,28.2,26.2,7.6,567,"disney"
"레고® ǀ 디즈니 겨울왕국 2 엘사 열쇠고리",853968,8000,6,NA,"중국",2019,11,16,4.5,0.48,12,"disney"
"미라벨 열쇠고리",854287,8000,6,NA,"중국",2024,4,15.5,4.5,0.57,13,"disney"
"미키 열쇠고리",853998,8000,6,NA,"중국",2020,3,16,4.5,0.82,14,"disney"
"이요르 열쇠고리",854203,8000,6,NA,"중국",2022,3,16,4.5,0.92,18,"disney"
"곰돌이 푸 열쇠고리",854191,8000,6,NA,"중국",2022,3,16,4.5,0.55,13,"disney"
"구피 열쇠고리",854196,8000,6,NA,"중국",2022,3,16,4.5,0.69,14,"disney"
"데이지 덕 열쇠고리",854112,8000,6,NA,"중국",2021,5,16,4.5,0.69,14,"disney"
"녹터니아 성",71486,259900,10,1742,NA,2024,NA,NA,NA,NA,NA,"dreamzzz"
"나이트메어 샤크 잠수함",71500,199900,9,1413,"중국",2025,6,48,37.8,9.4,1823,"dreamzzz"
"마테오와 지 블롭 액션 경주용 자동차",71491,74900,8,485,NA,2025,NA,NA,NA,NA,NA,"dreamzzz"
"네버 위치의 미드나이트 까마귀",71478,149900,9,1203,"중국",2024,8,35.4,37.8,9.4,1519,"dreamzzz"
"마테오의 스프레이 페인트 트럭",71499,149900,9,929,NA,2025,NA,NA,NA,NA,NA,"dreamzzz"
"마테오와 기사 전투 로봇 지 블롭",71485,179900,10,1333,"중국",2024,8,48,37.8,9.4,2049,"dreamzzz"
"네버 위치의 나이트메어 크리처",71483,64900,9,457,"중국",2024,8,26.2,22.2,7.6,625,"dreamzzz"
"마테오의 불의 카멜레온",71492,74900,7,443,"중국",2025,6,26.2,22.2,6.2,586,"dreamzzz"
"쿠퍼의 타이거 로봇과 제로의 핫로드 자동차",71497,149900,9,1006,NA,2025,NA,NA,NA,NA,NA,"dreamzzz"
"이지와 게이밍 버니 분추로",71490,29900,7,252,NA,2025,NA,NA,NA,NA,NA,"dreamzzz"
"분추의 창의적 동물 모험",71488,13900,7,143,NA,2025,NA,NA,NA,NA,NA,"dreamzzz"
"쿠퍼의 게이밍 컨트롤러 제트",71489,29900,7,266,NA,2025,NA,NA,NA,NA,NA,"dreamzzz"
"마테오 대 사이버 브레인 로봇",71495,44900,8,368,NA,2025,NA,NA,NA,NA,NA,"dreamzzz"
"쿠퍼의 로봇 공룡 C-렉스",71484,114900,9,917,NA,2024,NA,NA,NA,NA,NA,"dreamzzz"
"로간 마이티 판다",71480,44900,7,342,"중국",2024,8,19.1,26.2,6.1,428,"dreamzzz"
"이지의 드림 애니멀",71481,52900,8,328,"중국",2024,8,22.2,26.2,6.2,505,"dreamzzz"
"조이의 시간 올빼미",71494,44900,8,359,"중국",2025,6,19.1,26.2,6.1,400,"dreamzzz"
"조이의 고양이 모터사이클",71479,29900,7,226,"중국",2024,8,26.2,19.1,6.1,338,"dreamzzz"
"마테오의 지 블롭 검",854307,13500,6,NA,"중국",2025,3,52,13.4,14.5,86,"dreamzzz"
"이지의 검",854308,13500,6,NA,"중국",2025,3,52,20,1.48,77,"dreamzzz"
"디럭스 브릭 박스",10914,74900,1,85,NA,2020,1,37,26.2,18,1431,"duplo"
"브릭 박스",10913,44900,1,65,NA,2020,1,37,18,18,1050,"duplo"
"자동차와 트럭 브릭 박스",10439,69900,1,80,NA,2024,6,37,26.2,18,1374,"duplo"
"나의 첫 동물 기차",10412,29900,1,19,NA,2024,1,35.4,19.1,7,469,"duplo"
"3in1 우리집",10994,194900,3,218,NA,2023,NA,NA,NA,NA,NA,"duplo"
"인터랙티브 기차 세트",10428,189900,3,103,"중국",2025,1,52.3,48,12.4,2409,"duplo"
"미키와 미니의 생일 기차",10941,49900,2,22,NA,2021,1,35.4,19.1,7,424,"duplo"
"3 in 1 야생 동물 가족",10446,119900,2,92,NA,2025,NA,NA,NA,NA,NA,"duplo"
"인터랙티브 기차 모험",10427,104900,2,57,NA,2025,NA,NA,NA,NA,NA,"duplo"
"야생 동물 가족: 펭귄과 사자",10442,13900,2,10,NA,2025,NA,NA,NA,NA,NA,"duplo"
"나의 첫 공항",10443,44900,2,23,"중국",2025,6,35.4,19.1,9.1,537,"duplo"
"꿀벌과 벌집 돌봐주기",10419,29900,2,22,"중국",2024,1,26.2,22.2,9.5,416,"duplo"
"녹색 조립판",10460,18900,1,1,NA,NA,NA,NA,NA,NA,NA,"duplo"
"레고® 에듀케이션 나의 XL 세계",45028,469200,2,480,NA,2020,1,58.5,49,19,6206,"duplo"
"기차 터널과 철로 확장팩",10425,29900,2,20,"중국",2025,1,28.2,26.2,11.8,697,"duplo"
"레이스에 나선 맥",10417,29900,2,14,NA,2024,3,26.2,19.1,9.1,340,"duplo"
"페파피그 슈퍼마켓",10434,99900,2,70,NA,2024,6,54,28.2,9.1,1203,"duplo"
"기차 브릿지와 철로 확장팩",10426,52900,2,42,"중국",2025,1,54,28.2,11.8,1290,"duplo"
"3in1 바퀴 달린 공룡",10451,99900,3,108,"중국",2025,6,48,37.8,11.2,1617,"duplo"
"미키 마우스 클럽하우스와 자동차",10454,29900,2,27,"중국",2025,3,26.2,19.1,9.1,431,"duplo"
"모양 맞추기: 강아지 집",10441,44900,1,17,"중국",2025,6,28.2,26.2,11.8,663,"duplo"
"캠핑 여행",10452,29900,2,32,"중국",2025,3,26.2,19.1,9.1,428,"duplo"
"할아버지 돼지의 정원과 온실",10461,119900,2,102,"중국",2025,6,55.5,37.8,8.7,1477,"duplo"
"스핀의 모터사이클 모험",10424,29900,2,24,NA,2024,6,26.2,19.1,7.2,370,"duplo"
"곰돌이 푸의 생일 파티",10457,29900,1,22,"중국",2025,3,26.2,19.1,9.1,364,"duplo"
"안나와 엘사의 겨울왕국 파티",10455,89900,2,54,"중국",2025,6,35.4,37.8,7.05,813,"duplo"
"나의 첫 감정",10415,39900,1,23,"중국",2024,1,38.2,26.2,7.05,545,"duplo"
"페파피그 생일 집 꾸미기",10433,64900,2,59,NA,2024,6,38.2,26.2,9.4,840,"duplo"
"마법의 숲에 온 엘사와 브루니",10418,46900,2,31,"중국",2024,3,28.2,26.2,7.6,455,"duplo"
"나의 첫 병원 방문",10449,59900,2,65,NA,2025,NA,NA,NA,NA,NA,"duplo"
"맥퀸의 꼬마의사 차고 방문",10456,44900,2,35,"중국",2025,6,35.4,19.1,9.1,539,"duplo"
"3in1 우주왕복선 모험",10422,94900,3,58,"중국",2024,1,35.4,37.8,9.4,1066,"duplo"
"홉시의 캐슬 게임",10450,59900,3,47,NA,2025,NA,NA,NA,NA,NA,"duplo"
"나의 첫 하루 일과 - 밥먹기와 잠자기",10414,44900,1,28,"중국",2024,1,38.2,26.2,9.4,740,"duplo"
"페파피그 보트 여행",10432,44900,2,23,NA,2024,6,35.4,19.1,7,442,"duplo"
"에리얼의 마법 수중 궁전",10435,129900,2,116,NA,2024,6,55.5,37.8,10.3,1971,"duplo"
"페파 정원과 트리하우스",10431,29900,2,20,NA,2024,6,26.2,19.1,9.1,357,"duplo"
"3in1 바퀴 달린 동물",10448,52900,2,58,"중국",2025,6,38.2,26.2,9.4,820,"duplo"
"균형있게 나무 쌓기",10440,29900,1,27,NA,2025,NA,NA,NA,NA,NA,"duplo"
"숫자 기차",10954,29900,1,23,"중국",2021,6,35.4,19.1,9.1,532,"duplo"
"창의적인 정원과 꽃들",10444,29900,2,45,NA,2025,NA,NA,NA,NA,NA,"duplo"
"마음이 풍부한 사람들",10423,69900,3,71,"중국",2024,1,37.8,35.4,11.8,1253,"duplo"
"블루이의 아이스크림 여행",10458,44900,2,22,"중국",2025,6,35.4,19.1,9.1,511,"duplo"
"블루이의 패밀리 하우스와 메모리 게임",10459,99900,3,83,"중국",2025,6,48,37.8,9.4,1591,"duplo"
"알파벳 트럭",10421,52900,2,36,NA,2024,1,38.2,26.2,9.4,835,"duplo"
"구급차와 운전사",10447,29900,2,19,NA,2025,NA,NA,NA,NA,NA,"duplo"
"F1® 팀 경주용 자동차와 드라이버",10445,65900,2,70,"중국",2025,1,54,28.2,7.85,903,"duplo"
"재미있는 박람회",10453,74900,2,53,"중국",2025,3,45.6,28.2,8.8,972,"duplo"
"농장에서 동물들 돌봐주기",10416,79900,2,74,"중국",2024,1,45.6,28.2,11.8,1199,"duplo"
"즐거운 목욕 시간: 동물 기차",10965,29900,1,14,NA,2022,1,35.4,19.1,9.1,447,"duplo"
"경찰 바이크",10967,12900,2,5,NA,2022,NA,NA,NA,NA,NA,"duplo"
"소방트럭",10969,44900,2,21,"중국",2022,8,28.2,26.2,9.55,593,"duplo"
"페파피그 슈퍼마켓",10434,99900,2,70,NA,2024,6,54,28.2,9.1,1203,"peppa-pig"
"페파피그 생일 집 꾸미기",10433,64900,2,59,NA,2024,6,38.2,26.2,9.4,840,"peppa-pig"
"할아버지 돼지의 정원과 온실",10461,119900,2,102,"중국",2025,6,55.5,37.8,8.7,1477,"peppa-pig"
"페파 정원과 트리하우스",10431,29900,2,20,NA,2024,6,26.2,19.1,9.1,357,"peppa-pig"
"페파피그 보트 여행",10432,44900,2,23,NA,2024,6,35.4,19.1,7,442,"peppa-pig"
"캠핑 여행",10452,29900,2,32,"중국",2025,3,26.2,19.1,9.1,428,"peppa-pig"
"재미있는 박람회",10453,74900,2,53,"중국",2025,3,45.6,28.2,8.8,972,"peppa-pig"
"레고® 에듀케이션 스파이크™ 프라임 세트",45678,694900,10,528,"인도네시아",2020,1,42.5,30.9,15.6,2083,"lego-education"
"레고® 에듀케이션 나의 XL 세계",45028,469200,2,480,NA,2020,1,58.5,49,19,6206,"lego-education"
"모던 하우스",42639,259900,14,2275,"중국",2024,1,52.3,48,12.4,3518,"friends"
"하트레이크 시티 병원",42621,149900,7,1045,NA,2024,1,48,37.8,7.05,1795,"friends"
"반려동물 액세서리 샵",42650,59900,6,375,NA,2025,NA,NA,NA,NA,NA,"friends"
"하트레이크 시티 쇼핑몰",42604,152900,8,1237,"중국",2024,1,48,37.8,9.4,2134,"friends"
"패밀리 하우스",42620,149900,7,1126,"중국",2024,1,48,37.8,7.05,1841,"friends"
"하트레이크 시티 아파트와 상점",42670,199900,12,2040,NA,2025,NA,NA,NA,NA,NA,"friends"
"만화책과 게임 가게",42674,139900,9,1005,NA,2025,NA,NA,NA,NA,NA,"friends"
"뮤직 스토어와 아파트",42653,74900,7,483,"중국",2025,6,28.2,26.2,7.6,603,"friends"
"동물 병원",42651,74900,7,428,NA,2025,NA,NA,NA,NA,NA,"friends"
"하트레이크 시티 커뮤니티 센터",41748,199900,9,1513,"중국",2023,6,37.8,58.2,10.3,2325,"friends"
"하트레이크 시티 카페",42618,44900,6,426,NA,2024,6,35.4,19.1,7,637,"friends"
"캐슬 호텔",42638,149900,12,1311,"중국",2024,6,37.8,35.4,9.4,1600,"friends"
"플라워 카페",42671,139900,9,1138,"중국",2025,6,45.6,28.2,7.2,1293,"friends"
"가족 해변 여행",42673,189900,8,1140,NA,2025,NA,NA,NA,NA,NA,"friends"
"하트레이크 시티 공항",42656,139900,8,958,NA,2025,NA,NA,NA,NA,NA,"friends"
"모험 캠프 트리하우스",42631,179900,8,1128,"중국",2024,6,55.5,37.8,8.7,2128,"friends"
"페이즐리의 방",42647,29900,6,199,NA,2025,NA,NA,NA,NA,NA,"friends"
"고양이 생일 파티와 트리 하우스",42666,44900,6,321,"중국",2025,6,19.1,26.2,6.1,433,"friends"
"페이즐리의 방",42647,29900,6,199,NA,2025,NA,NA,NA,NA,NA,"friends"
"고양이 생일 파티와 트리 하우스",42666,44900,6,321,"중국",2025,6,19.1,26.2,6.1,433,"friends"
"레스토랑과 요리 학교",42655,119900,8,896,NA,2025,NA,NA,NA,NA,NA,"friends"
"우정 영화의 밤",42642,21900,6,154,"중국",2025,6,19.1,14.1,4.6,203,"friends"
"헤어샵과 액세서리 스토어",42662,65900,7,347,NA,2025,NA,NA,NA,NA,NA,"friends"
"빈티지 패션 스토어",42614,52900,6,409,"중국",2024,1,28.2,26.2,5.9,643,"friends"
"해변 워터 스쿠터",42623,12900,5,84,NA,2024,6,19.1,14.1,4.6,143,"friends"
"해변놀이 여행 가방",42672,44900,5,188,NA,2025,1,28.2,26.2,6.4,788,"friends"
"팬더 동물 보호",42648,44900,7,243,NA,2025,NA,NA,NA,NA,NA,"friends"
"우정 트리하우스",42652,99900,8,701,NA,2025,NA,NA,NA,NA,NA,"friends"
"아이스크림 트럭",42644,29900,4,92,NA,2025,NA,NA,NA,NA,NA,"friends"
"사탕 가게",42649,44900,6,376,NA,2025,NA,NA,NA,NA,NA,"friends"
"하트레이크 시티 워터파크",42630,114900,8,814,"중국",2024,6,37.8,35.4,9.4,1661,"friends"
"별 관찰 캠핑카",42603,44900,7,364,"중국",2024,1,35.4,19.1,7,571,"friends"
"모험 캠프 워터스포츠",42626,99900,7,628,NA,2024,NA,NA,NA,NA,NA,"friends"
"꽃의 정원",42669,139900,12,1161,NA,2025,NA,NA,NA,NA,NA,"friends"
"조랑말 목장",42654,99900,7,727,NA,2025,NA,NA,NA,NA,NA,"friends"
"유니콘과 플라밍고 수영장 파티",42658,13900,5,99,"중국",2025,6,19.1,14.1,4.6,150,"friends"
"우정 자동차 여행",42659,29900,6,220,"중국",2025,6,26.2,14.1,6.1,305,"friends"
"기니피그 놀이터",42640,13900,5,86,NA,2025,NA,NA,NA,NA,NA,"friends"
"요트 여행",42664,109900,8,685,NA,2025,NA,NA,NA,NA,NA,"friends"
"강아지 놀이터",42665,13900,4,66,"중국",2025,6,19.1,14.1,4.6,155,"friends"
"알리야의 동생 놀이방",42645,25900,6,125,NA,2025,NA,NA,NA,NA,NA,"friends"
"오텀의 방",42646,29900,6,222,NA,2025,NA,NA,NA,NA,NA,"friends"
"유니콘과 요정의 코스튬 파티",42661,59900,6,261,"중국",2025,6,26.2,22.2,6.2,418,"friends"
"말과 망아지 트레일러",42634,29900,4,105,"중국",2024,1,20.5,19.1,4.6,248,"friends"
"서핑하는 강아지와 스쿠터",42641,21900,6,113,NA,2025,NA,NA,NA,NA,NA,"friends"
"음악 파티",42610,29900,6,196,"중국",2024,1,26.2,19.1,4.6,308,"friends"
"우정 캠퍼밴",42663,89900,7,778,NA,2025,NA,NA,NA,NA,NA,"friends"
"활쏘기 모험 캠프",42622,19900,6,157,NA,2024,NA,NA,NA,NA,NA,"friends"
"해변 스무디 가게",42625,29900,6,213,NA,2024,NA,NA,NA,NA,NA,"friends"
"강아지 케어 자동차",42635,12900,4,60,NA,2024,6,14.1,12.2,6.1,123,"friends"
"솜사탕 가게와 스쿠터",42643,13900,6,110,NA,2025,NA,NA,NA,NA,NA,"friends"
"드리프트와 레이븐 피겨",40884,28200,10,280,"중국",2025,10,19.1,14.1,7.05,298,"fortnite"
"메카팀 리더",77078,309900,18,2503,"중국",2025,8,37.8,55.5,11.8,3008,"fortnite"
"배틀버스",77073,149900,10,954,NA,2024,NA,NA,NA,NA,NA,"fortnite"
"클롬보",77077,149900,10,1084,NA,2025,NA,NA,NA,NA,NA,"fortnite"
"해골 필리",77072,149900,18,1414,NA,2024,NA,NA,NA,NA,NA,"fortnite"
"Durrr Burger",77070,19900,9,193,NA,2024,NA,NA,NA,NA,NA,"fortnite"
"필리와 스파크플러그의 캠프",77075,29900,7,250,NA,2025,NA,NA,NA,NA,NA,"fortnite"
"Durrr Burger 레스토랑",77076,89900,10,546,NA,2025,NA,NA,NA,NA,NA,"fortnite"
"보급품 라마",77071,52900,12,691,NA,2024,NA,NA,NA,NA,NA,"fortnite"
"개비의 매직 하우스",10788,114900,4,498,"중국",2023,8,35.4,37.8,9.4,1702,"gabbys-dollhouse"
"인어공주 개비의 아쿠아리움 모험",11204,29900,4,103,"중국",2025,8,26.2,14.1,6.1,310,"gabbys-dollhouse"
"달콤 선물 산과 요정냥의 가든",11205,74900,4,263,"중국",2025,8,28.2,26.2,7.6,586,"gabbys-dollhouse"
"개비의 냥이 돌봄 귀",10796,52900,4,165,NA,2024,NA,NA,NA,NA,NA,"gabbys-dollhouse"
"아기 상자와 함께하는 공예 놀이",10795,19900,4,60,NA,2024,NA,NA,NA,NA,NA,"gabbys-dollhouse"
"개비의 파티룸",10797,69900,4,252,NA,2024,NA,NA,NA,NA,NA,"gabbys-dollhouse"
"호그와트™ 캐슬과 정원",76419,229900,18,2660,"중국",2023,9,48,37.8,11.2,3040,"harry-potter"
"다이애건 앨리™ 마법의 상점",76444,279900,18,2750,NA,2025,NA,NA,NA,NA,NA,"harry-potter"
"호그스미드™ 마을 – 콜렉터 에디션",76457,509900,18,3228,"중국",2025,9,55.5,37.8,15.7,4229,"harry-potter"
"그린고트™ 마법사 은행 – 콜렉터 에디션",76417,559900,18,4803,NA,2023,9,48,52.3,21.8,7102,"harry-potter"
"해리포터 호그와트™ 성",71043,640000,16,6020,"중국",2018,9,58.5,49,19,7506,"harry-potter"
"나이트 버스™",76446,74900,8,499,NA,2025,NA,NA,NA,NA,NA,"harry-potter"
"호그와트™ 성: 중심 탑",76454,339900,10,2135,NA,2025,NA,NA,NA,NA,NA,"harry-potter"
"버로우 - 콜렉터 에디션",76437,349900,18,2405,"중국",2024,9,37.8,55.5,11.8,2596,"harry-potter"
"레고® 해리포터™ 크리스마스 캘린더 2025",76456,52900,7,278,"체코",2025,9,38.2,26.2,7.05,405,"harry-potter"
"말하는 마법의 모자™",76429,149900,18,561,"중국",2024,3,26.2,38.2,7.05,940,"harry-potter"
"프리벳 가: 마지 이모의 방문",76451,139900,8,639,"중국",2025,6,38.2,26.2,7.05,909,"harry-potter"
"호그와트™ 성: 그레이트 홀",76435,259900,10,1732,NA,2024,NA,NA,NA,NA,NA,"harry-potter"
"책장 장식: 호그와트™ 익스프레스",76450,149900,10,832,"중국",2025,6,45.6,28.2,8.8,1421,"harry-potter"
"호그와트™ 아이콘 - 콜렉터 에디션",76391,399900,18,3010,"중국",2021,9,58.2,48,12.4,4148,"harry-potter"
"호그와트 익스프레스™와 호그스미드™ 기차역",76423,184900,8,1074,"중국",2023,6,54,28.2,9.1,1733,"harry-potter"
"하늘을 나는 포드 앵글리아™",76424,19900,7,165,"중국",2024,3,26.2,14.1,4.8,218,"harry-potter"
"다이애건 앨리™",75978,599900,16,5544,"중국",2020,9,58.2,48,17,6645,"harry-potter"
"호그와트™ 성: 결투 클럽",76441,36900,8,158,NA,2025,NA,NA,NA,NA,NA,"harry-potter"
"트라이위저드 토너먼트: 도착",76440,189900,10,1229,NA,2024,NA,NA,NA,NA,NA,"harry-potter"
"호그와트™ 성: 마법 수업",76442,29900,8,204,NA,2025,NA,NA,NA,NA,NA,"harry-potter"
"맨드레이크",76433,99900,10,579,NA,2024,NA,NA,NA,NA,NA,"harry-potter"
"호그와트™ 성: 본초학 수업",76445,74900,8,390,"중국",2025,6,26.2,22.2,6.2,555,"harry-potter"
"물어뜯는 몬스터의 몬스터북",76449,89900,9,518,"중국",2025,6,28.2,26.2,7.6,596,"harry-potter"
"말포이 저택",76453,209900,10,1601,NA,2025,NA,NA,NA,NA,NA,"harry-potter"
"올리밴더™와 말킨 부인의 망토",76439,129900,8,744,NA,2024,NA,NA,NA,NA,NA,"harry-potter"
"호그와트™ 성: 비행 수업",76447,119900,9,651,NA,2025,NA,NA,NA,NA,NA,"harry-potter"
"고품질 퀴디치™ 파티용품과 아이스크림 가게",76452,149900,8,795,NA,2025,NA,NA,NA,NA,NA,"harry-potter"
"프리벳가 4번지의 헤드위그™",76425,29900,7,337,"중국",2024,3,26.2,14.1,7.2,357,"harry-potter"
"하우스 엘프 도비™",76421,45900,8,403,"중국",2023,6,19.1,26.2,7.2,451,"harry-potter"
"해리포터™ 열쇠고리",854114,8000,6,NA,"중국",2021,1,15,4.5,0.59,13,"harry-potter"
"해그리드와 해리의 바이크 라이드",76443,74900,9,617,NA,2025,NA,NA,NA,NA,NA,"harry-potter"
"불의 잔™ 피겨",40791,74900,10,671,"중국",2025,9,35.4,19.1,9.1,744,"harry-potter"
"벅비크™",76427,89900,9,723,NA,2024,NA,NA,NA,NA,NA,"harry-potter"
"세스트랄 가족",76458,99900,10,548,NA,2025,NA,NA,NA,NA,NA,"harry-potter"
"루나 러브굿™과 세스트랄 피겨",40802,28200,10,292,"중국",2025,9,19.1,14.1,7.05,299,"harry-potter"
"헤르미온느 열쇠고리",854115,8000,6,NA,"중국",2021,1,15,4.5,0.59,13,"harry-potter"
"포크스™: 덤블도어의 불사조",76448,29900,8,299,"중국",2025,6,14.1,26.2,6.1,300,"harry-potter"
"호그와트™ 성 보트하우스",76426,52900,8,350,NA,2024,3,19.1,26.2,7.2,453,"harry-potter"
"호그와트™ 부엉이 장",76430,64900,8,364,"중국",2024,3,22.2,26.2,6.2,521,"harry-potter"
"금단의 숲™의 아라고그",76434,29900,7,195,NA,2024,NA,NA,NA,NA,NA,"harry-potter"
"호그와트™ 성: 물약 수업",76431,52900,8,397,NA,2024,NA,NA,NA,NA,NA,"harry-potter"
"열대 수족관",10366,649900,18,4154,"중국",2025,11,52.3,48,21.8,5885,"lego-icons"
"Star Trek: U.S.S. Enterprise NCC-1701-D™",10356,509900,18,3600,"중국",2025,11,52.3,48,18,4776,"lego-icons"
"크리스마스 특급열차",10361,169900,18,956,"중국",2025,10,45.6,28.2,8.8,1491,"lego-icons"
"패밀리 크리스마스 트리 장식",41843,409900,9,3171,"중국",2025,10,47.5,37.6,20.6,3456,"lego-icons"
"레고® 타이타닉",10294,890000,18,9090,"중국",2021,11,58.5,47.5,38.5,12715,"lego-icons"
"인듀어런스호",10335,349900,18,3011,"중국",2024,11,55.5,37.8,15.7,3214,"lego-icons"
"사자 기사의 성",10305,519900,18,4514,"중국",2022,8,52.3,48,21.8,5965,"lego-icons"
"중세 마을 광장",10332,299900,18,3304,NA,2024,3,55.5,37.8,13.2,3528,"lego-icons"
"셜록 홈즈: 북누크",10351,169900,18,1359,"중국",2025,6,38.2,26.2,11.8,1434,"lego-icons"
"튜더 코너",10350,309900,18,3266,NA,2025,NA,NA,NA,NA,NA,"lego-icons"
"재즈 클럽",10312,299900,18,2899,"중국",2023,1,58.2,48,12.4,3870,"lego-icons"
"산타의 우체국",10339,149900,18,1440,"중국",2024,10,45.6,28.2,11.8,1363,"lego-icons"
"반지의 제왕: 리븐델",10316,649900,18,6167,"중국",2023,3,52.3,48,21.8,6895,"lego-icons"
"드래곤 길들이기: 투슬리스",10375,99900,18,784,NA,2025,NA,NA,NA,NA,NA,"lego-icons"
"Transformers: 사운드웨이브",10358,249900,18,1505,"중국",2025,8,28.2,45.6,8.8,1692,"lego-icons"
"반지의 제왕: 발록™ 북누크",10367,169900,18,1201,"중국",2025,6,38.2,26.2,9.4,1094,"lego-icons"
"반지의 제왕: 바랏두르™",10333,599900,18,5471,"중국",2024,6,37.8,52.3,25.7,6527,"lego-icons"
"The Simpsons™: Krusty 버거",10352,279900,18,1635,"중국",2025,6,48,37.8,9.4,2196,"lego-icons"
"반지의 제왕: 발록™ 북누크",10367,169900,18,1201,"중국",2025,6,38.2,26.2,9.4,1094,"lego-icons"
"반지의 제왕: 바랏두르™",10333,599900,18,5471,"중국",2024,6,37.8,52.3,25.7,6527,"lego-icons"
"The Simpsons™: Krusty 버거",10352,279900,18,1635,"중국",2025,6,48,37.8,9.4,2196,"lego-icons"
"자연사 박물관",10326,399900,18,4014,"중국",2023,12,52.3,48,18,5130,"lego-icons"
"부티크 호텔",10297,299900,18,3066,"중국",2022,1,58.2,48,12.4,3474,"lego-icons"
"블랙트론 레니게이드",10355,149900,18,1151,"중국",2025,1,38.2,26.2,9.4,1352,"lego-icons"
"에펠탑",10307,850000,18,10001,"중국",2022,11,58.5,47.5,38.5,11385,"lego-icons"
"레오나르도 다빈치의 비행 기계",10363,89900,18,493,"중국",2025,1,28.2,26.2,5.9,521,"lego-icons"
"포르쉐 911",10295,219900,18,1458,"중국",2021,3,48,28.2,11.8,1990,"lego-icons"
"눈 덮인 산장",10325,154900,18,1517,NA,2023,NA,NA,NA,NA,NA,"lego-icons"
"Lamborghini Countach 5000 Quattrovalvole",10337,239900,18,1506,"중국",2024,7,45.6,28.2,11.8,1765,"lego-icons"
"Williams Racing FW14B & Nigel Mansell",10353,119900,18,799,NA,2025,NA,NA,NA,NA,NA,"lego-icons"
"NASA 아르테미스 우주 발사 시스템",10341,349900,18,3601,"중국",2024,5,37.8,55.5,15.7,3451,"lego-icons"
"랜드로버 디펜더 90",10317,319900,18,2336,"중국",2023,4,58.2,37.8,11.8,2860,"lego-icons"
"셔틀 캐리어 항공기",10360,309900,18,2417,NA,2025,NA,NA,NA,NA,NA,"lego-icons"
"콩코드",10318,269900,18,2083,"중국",2023,9,58.2,48,9.1,3210,"lego-icons"
"반지의 제왕: 샤이어™",10354,369900,18,2017,"중국",2025,4,48,37.8,11.2,2693,"lego-icons"
"맥라렌 MP4/4와 아일톤 세나",10330,114900,18,693,"중국",2024,3,38.2,26.2,7.05,933,"lego-icons"
"프렌치 카페",10362,119900,18,1101,NA,2025,NA,NA,NA,NA,NA,"lego-icons"
"분재나무",10281,74900,18,878,"중국",2021,1,26.2,38.2,7.05,740,"lego-icons"
"퍼렐 윌리엄스와 함께 행복을 찾아서",10391,159900,18,966,"중국",2024,9,26.2,38.2,11.8,1433,"lego-icons"
"범블비",10338,129900,18,950,"중국",2024,7,26.2,38.2,9.4,1089,"lego-icons"
"레트로 라디오",10334,149900,18,906,"중국",2024,6,38.2,26.2,9.4,1304,"lego-icons"
"팩맨 아케이드",10323,359900,18,2651,"중국",2023,6,58.2,48,12.4,3645,"lego-icons"
"옵티머스 프라임",10302,239900,18,1508,"중국",2022,6,28.2,48,9.1,1630,"lego-icons"
"선의 정원",10315,157900,18,1363,"중국",2023,8,48,28.2,9.1,1620,"lego-icons"
"듄 아트레이데스 로열 오니솝터",10327,219900,18,1369,"중국",2024,2,45.6,28.2,11.8,1780,"lego-icons"
"베스파 125",10298,139900,18,1107,"중국",2022,3,48,28.2,9.1,1440,"lego-icons"
"파운틴 가든",10359,149900,18,1302,NA,2025,NA,NA,NA,NA,NA,"lego-icons"
"꽃다발",10280,89900,18,756,"중국",2021,1,26.2,38.2,7.05,745,"lego-icons"
"난초",10311,69900,18,608,NA,2022,5,26.2,38.2,7.05,758,"lego-icons"
"물총새",10331,69900,18,834,"중국",2024,2,38.2,26.2,5.65,820,"lego-icons"
"Shelby Cobra 427 S/C",10357,199900,18,1241,"중국",2025,7,45.6,28.2,8.8,1630,"lego-icons"
"다육식물",10309,69900,18,771,"중국",2022,5,38.2,26.2,5.65,665,"lego-icons"
"가을의 오두막 정원",11372,159900,18,1102,NA,2026,NA,NA,NA,NA,NA,"lego-icons"
"백 투 더 퓨처 타임머신",10300,259900,18,1872,"중국",2022,4,48,28.2,11.8,2110,"lego-icons"
"구니스",21363,409900,18,2912,"중국",2025,11,55.5,37.8,13.2,3757,"ideas"
"그렘린™: 기즈모",21361,149900,18,1125,"중국",2025,10,26.2,38.2,9.4,1202,"ideas"
"윌리 웡카와 초콜릿 공장",21360,299900,18,2025,"중국",2025,9,48,37.8,11.2,2573,"ideas"
"창의력 광물실험",21362,89900,18,880,NA,2025,NA,NA,NA,NA,NA,"ideas"
"미니피겨 자판기",21358,239900,18,1343,"중국",2025,6,28.2,45.6,13.6,1990,"ideas"
"이탈리아 리비에라",21359,389900,18,3251,"중국",2025,8,55.5,37.8,13.2,3672,"ideas"
"레고® 아이디어 나홀로 집에",21330,399900,18,3955,NA,2021,11,58.2,48,17,5410,"ideas"
"식물원",21353,429900,18,3792,"중국",2024,11,55.5,37.8,15.7,3473,"ideas"
"오리엔탈 익스프레스 열차",21344,399900,18,2540,NA,2023,12,58.2,37.8,11.8,3464,"ideas"
"전동식 등대",21335,399900,18,2065,"중국",2022,9,48,58.2,9.1,3327,"ideas"
"Disney Pixar Luxo Jr.",21357,99900,18,613,"중국",2025,6,22.2,26.2,9.5,631,"ideas"
"Dungeons & Dragons: 레드 드래곤 이야기",21348,479900,18,3745,"중국",2024,4,37.8,55.5,15.7,3384,"ideas"
"바이킹 마을",21343,194900,18,2103,NA,2023,10,48,37.8,11.2,2533,"ideas"
"죠스",21350,199900,18,1503,"중국",2024,8,48,37.8,9.4,1670,"ideas"
"미시시피강 증기선",21356,449900,18,4090,NA,2025,NA,NA,NA,NA,NA,"ideas"
"빈센트 반 고흐 - 별이 빛나는 밤",21333,229900,18,2316,"중국",2022,5,48,37.8,11.2,2790,"ideas"
"디즈니 팀 버튼의 크리스마스 악몽",21351,269900,18,2193,NA,2024,NA,NA,NA,NA,NA,"ideas"
"그랜드 피아노",21323,519900,18,3662,"중국",2020,8,58.2,37.8,16,5773,"ideas"
"턱시도 고양이",21349,149900,18,1710,"중국",2024,6,28.2,45.6,13.6,2063,"ideas"
"빨간 런던 공중전화 박스",21347,159900,18,1460,"중국",2024,2,28.2,45.6,8.8,1488,"ideas"
"트와일라잇: 컬렌 하우스",21354,299900,18,2001,NA,2025,NA,NA,NA,NA,NA,"ideas"
"폴라로이드 원스텝 SX-70 카메라",21345,114900,18,516,"중국",2024,1,38.2,26.2,5.65,868,"ideas"
"STEM의 진화",21355,119900,18,879,"중국",2025,3,26.2,38.2,7.05,813,"ideas"
"디즈니 호커스 포커스: 샌더슨 자매의 오두막",21341,299900,18,2316,"중국",2023,7,58.2,37.8,10.3,2876,"ideas"
"곤충 컬렉션",21342,120900,18,1111,NA,2023,NA,NA,NA,NA,NA,"ideas"
"패밀리 트리",21346,129900,18,1040,"중국",2024,2,26.2,38.2,7.05,907,"ideas"
"디즈니 매직",21352,149900,18,1103,"중국",2024,10,38.2,26.2,9.4,1261,"ideas"
"공룡 화석: T-렉스",76968,339900,18,3145,"중국",2025,3,55.5,37.8,13.2,3557,"jurassic-world"
"스피노사우루스와 케찰코아툴루스 비행 미션",76976,209900,8,984,NA,2025,NA,NA,NA,NA,NA,"jurassic-world"
"랩터와 티타노사우루스 추적 미션",76973,149900,7,582,"중국",2025,6,45.6,28.2,7.2,1048,"jurassic-world"
"브릭 조립식 모사사우루스 보트 미션",76974,89900,9,858,"중국",2025,6,38.2,26.2,7.05,805,"jurassic-world"
"랩터 오프로드 탈출",76972,52900,6,285,"중국",2025,6,26.2,19.1,6.1,400,"jurassic-world"
"T-렉스의 강 탈출",76975,74900,5,199,"중국",2025,6,26.2,22.2,6.2,543,"jurassic-world"
"공룡 미션: 스테고사우루스 발견",76965,94900,6,420,"중국",2024,6,38.2,26.2,7.05,788,"jurassic-world"
"아기 공룡 돌로레스: 아퀼롭스",76970,36900,7,339,"중국",2025,6,26.2,19.1,4.6,323,"jurassic-world"
"리틀 이티: T-렉스",76967,36900,7,317,NA,2025,NA,NA,NA,NA,NA,"jurassic-world"
"공룡 화석: 트리케라톱스 두개골",76969,65900,9,468,NA,2025,NA,NA,NA,NA,NA,"jurassic-world"
"아기 안킬로사우루스 열쇠고리",854316,8000,6,NA,"중국",2025,2,13,4.5,0.68,13,"jurassic-world"
"공룡 미션: 알로사우루스 운송 트럭",76966,129900,8,588,"중국",2024,6,45.6,28.2,7.2,802,"jurassic-world"
"아기 범피: 안킬로사우르스",76962,34900,7,358,"중국",2024,6,26.2,19.1,6.1,373,"jurassic-world"
"공룡 화석: T-렉스 골격",76964,52900,9,577,"중국",2024,1,26.2,28.2,5.9,637,"jurassic-world"
"아기 공룡 구조 센터",76963,52900,4,139,"중국",2024,1,26.2,22.2,6.2,447,"jurassic-world"
"반지의 제왕: 바랏두르™",10333,599900,18,5471,"중국",2024,6,37.8,52.3,25.7,6527,"lord-of-the-rings"
"반지의 제왕: 리븐델",10316,649900,18,6167,"중국",2023,3,52.3,48,21.8,6895,"lord-of-the-rings"
"반지의 제왕: 발록™ 북누크",10367,169900,18,1201,"중국",2025,6,38.2,26.2,9.4,1094,"lord-of-the-rings"
"반지의 제왕: 샤이어™",10354,369900,18,2017,"중국",2025,4,48,37.8,11.2,2693,"lord-of-the-rings"
"프로도™와 골룸™",40630,20500,10,184,"체코",2023,1,19.1,14.1,6.1,203,"lord-of-the-rings"
"데일리 뷰글",76178,459900,18,3789,"중국",2021,6,48,58.2,17,4925,"marvel"
"어벤져스 타워",76269,649900,18,5201,"중국",2023,11,48,52.3,21.8,6962,"marvel"
"아이언맨 마크 3 콜렉터 에디션",76344,179900,18,1297,NA,2026,NA,NA,NA,NA,NA,"marvel"
"어벤져스: 엔드게임 최종 결전",76323,149900,10,621,"중국",2025,5,38.2,26.2,7.05,765,"marvel"
"피터 파커의 아파트",76317,74900,8,394,"중국",2025,8,22.2,26.2,7.6,548,"marvel"
"대결전: 헐크버스터 대 헐크",76343,69900,9,413,NA,2026,NA,NA,NA,NA,NA,"marvel"
"스파이더맨 대 미스테리오: 데일리 뷰글",76342,159900,10,781,NA,2026,NA,NA,NA,NA,NA,"marvel"
"대결전: 스파이더맨 대 샌드맨",76334,36900,9,201,NA,2026,NA,NA,NA,NA,NA,"marvel"
"엑스맨: 엑스 맨션",76294,429900,18,3093,"중국",2024,11,52.3,48,12.4,3043,"marvel"
"스파이더맨 대 오스코프",76324,189900,10,808,"중국",2025,8,35.4,37.8,9.4,1369,"marvel"
"스파이더맨 대 닥터 옥토퍼스 지하철 장면",76321,74900,9,393,"중국",2025,8,35.4,19.1,5.9,512,"marvel"
"아이언맨 MK4 흉상",76327,89900,18,436,"중국",2025,6,22.2,26.2,6.2,499,"marvel"
"어벤져스: 엔드게임 토르 대 치타우리",76322,74900,8,373,"중국",2025,8,26.2,19.1,6.1,358,"marvel"
"스파이더맨 최종 결전",76261,157900,10,900,NA,2023,8,37.8,35.4,7.05,1289,"marvel"
"가디언즈 오브 갤럭시: 밀라노",76286,239900,12,2090,NA,2024,8,48,37.8,11.2,2830,"marvel"
"어벤져스: 에이지 오브 울트론 퀸젯",76325,169900,12,1131,"중국",2025,8,45.6,28.2,8.8,1691,"marvel"
"아이언 맨 MK5 피겨",40669,13500,10,101,NA,2024,NA,NA,NA,NA,NA,"marvel"
"아이언맨과 워 머신 대 해머 드론",76320,29900,7,204,"중국",2025,8,15.7,14.1,4.5,160,"marvel"
"어벤져스: 에이지 오브 울트론 퀸젯",76325,169900,12,1131,"중국",2025,8,45.6,28.2,8.8,1691,"marvel"
"아이언 맨 MK5 피겨",40669,13500,10,101,NA,2024,NA,NA,NA,NA,NA,"marvel"
"아이언맨과 워 머신 대 해머 드론",76320,29900,7,204,"중국",2025,8,15.7,14.1,4.5,160,"marvel"
"어벤져스 어셈블: 에이지 오브 울트론",76291,149900,10,613,NA,2024,8,38.2,26.2,7.05,986,"marvel"
"아이언맨의 연구실: 홀 오브 아머",76315,79900,8,384,"중국",2025,4,26.2,22.2,6.2,454,"marvel"
"마일스 모랄레스의 마스크",76329,99900,18,487,NA,2025,NA,NA,NA,NA,NA,"marvel"
"스파이더맨 대 샌드맨: 마지막 전투",76280,52900,10,347,NA,2024,1,26.2,19.1,6.1,410,"marvel"
"워 머신 맥 로봇",76277,19900,6,154,NA,2024,1,14.1,19.1,4.6,165,"marvel"
"토르 대 수르트 배틀 피겨",76289,44900,8,245,NA,2024,8,26.2,19.1,4.6,292,"marvel"
"캡틴 아메리카: 시빌 워 액션 배틀",76314,149900,10,736,NA,2025,NA,NA,NA,NA,NA,"marvel"
"판타스틱4 대 갤럭투스 피겨",76316,89900,9,427,"중국",2025,6,22.2,26.2,6.2,480,"marvel"
"아이언 스파이더맨",40670,13500,10,91,"체코",2024,2,9.1,12.2,7.8,116,"marvel"
"마블 로고와 미니피겨",76313,139900,12,931,NA,2025,NA,NA,NA,NA,NA,"marvel"
"어벤져스 헬리캐리어",76295,114900,18,509,NA,2024,NA,NA,NA,NA,NA,"marvel"
"아이언맨과 아이언 리전 대 히드라 솔저",76288,30900,6,135,NA,2024,8,19.1,14.1,6.1,156,"marvel"
"스파이더맨의 마스크",76285,99900,18,487,"중국",2024,1,19.1,35.4,9.1,740,"marvel"
"어벤져스 대 레비아탄",76290,69900,7,347,NA,2024,8,26.2,22.2,6.2,436,"marvel"
"아이언 스파이더맨 흉상",76326,89900,18,379,"중국",2025,8,22.2,26.2,6.2,437,"marvel"
"인피니티 건틀렛",76191,109900,18,590,"중국",2021,6,19.1,35.4,9.1,730,"marvel"
"스파이더맨: 어크로스 더 유니버스: 마일스 모랄레스 대 스팟",76311,74900,9,375,NA,2025,NA,NA,NA,NA,NA,"marvel"
"스파이더맨 레이스카와 베놈 그린 고블린",76279,44900,7,227,"중국",2024,1,26.2,19.1,4.6,311,"marvel"
"아이언맨 로봇 대 울트론",76307,21900,6,101,NA,2025,NA,NA,NA,NA,NA,"marvel"
"화분에 심어진 그루트",40671,13500,10,113,"헝가리",2024,2,9.1,12.2,7.8,119,"marvel"
"로켓과 아기 그루트",76282,89900,10,566,NA,2024,1,19.1,35.4,7,554,"marvel"
"캡틴 아메리카 대 타노스",76319,52900,4,107,"중국",2025,8,20.5,19.1,4.6,306,"marvel"
"스파이더맨 로봇 대 안티 베놈",76308,21900,6,107,NA,2025,NA,NA,NA,NA,NA,"marvel"
"엑스맨 엑스제트",76281,119900,8,359,"중국",2024,1,28.2,26.2,7.6,600,"marvel"
"캡틴 아메리카 대 레드 헐크의 대결",76292,79900,8,223,"중국",2024,12,26.2,19.1,6.1,361,"marvel"
"댄싱 그루트",76297,64900,10,459,NA,2024,8,19.1,26.2,7.2,524,"marvel"
"아이언맨 자동차와 블랙 팬서 대 레드 헐크",76310,44900,7,295,NA,2025,NA,NA,NA,NA,NA,"marvel"
"아이언 스파이더맨 액션 피겨",76298,49900,8,303,NA,2024,4,19.1,26.2,6.1,349,"marvel"
"스파이더맨 대 베놈 머슬카",76309,44900,7,254,NA,2025,NA,NA,NA,NA,NA,"marvel"
"베놈 맥 로봇 대 마일스 모랄레스",76276,19900,6,134,NA,2024,1,14.1,19.1,4.6,159,"marvel"
"뉴 캡틴 아메리카 액션 피겨",76296,49900,8,359,"중국",2024,12,19.1,26.2,6.1,406,"marvel"
"팀 스파이디 웹 스피너 본부",10794,79900,4,193,"중국",2024,3,28.2,26.2,5.9,588,"marvel"
"그루트 열쇠고리",854291,8000,6,NA,"중국",2024,1,15,4.5,0.59,13,"marvel"
"캡틴 아메리카와 레드 헐크 피겨",40668,28200,10,202,NA,2024,NA,NA,NA,NA,NA,"marvel"
"헐크 트럭 대 어벤저스 타노스",76312,44900,7,229,"중국",2025,4,26.2,19.1,6.1,382,"marvel"
"스파이디와 고비의 트리 하우스 본부 랩터 전투",11200,79900,4,143,NA,2025,NA,NA,NA,NA,NA,"marvel"
"그린 고블린 액션 피겨",76284,52900,8,471,NA,2024,NA,NA,NA,NA,NA,"marvel"
"바이크를 탄 아이언맨과 헐크",76287,19900,4,68,NA,2024,8,19.1,14.1,4.6,159,"marvel"
"팀 스파이디 공룡 크롤러 구조대",11199,44900,4,136,NA,2025,NA,NA,NA,NA,NA,"marvel"
"스핀의 모터사이클 모험",10424,29900,2,24,NA,2024,6,26.2,19.1,7.2,370,"marvel"
"스핀과 일렉트로 공룡 차량 추격전",11198,29900,4,124,NA,2025,NA,NA,NA,NA,NA,"marvel"
"고스트 스파이더 열쇠고리",854292,8000,6,NA,"중국",2024,1,15,4.5,0.59,13,"marvel"
"헐크 열쇠고리",854321,8000,6,NA,"중국",2025,8,15.5,4.5,0.57,13,"marvel"
"로키 열쇠고리",854294,8000,6,NA,"중국",2024,1,15.5,4.5,0.71,14,"marvel"
"너구리 로켓 열쇠고리",854296,8000,6,NA,"중국",2024,6,15.5,4.5,0.57,13,"marvel"
"스파이더맨: 어크로스 더 유니버스",71050,5900,5,8,NA,2025,9,9.4,10.6,2.8,18,"marvel"
"아이언맨 열쇠고리",854240,8000,6,NA,"중국",2023,2,15.5,4.5,0.57,13,"marvel"
"마일스 모랄레스 열쇠고리",854153,8000,6,NA,"중국",2022,1,16,4.5,0.55,13,"marvel"
"스파이더맨 열쇠고리",854290,8000,6,NA,"중국",2024,1,15,4.5,0.59,12,"marvel"
"레고® 마인크래프트® 크리스마스 캘린더 2025",21280,52900,7,300,"체코",2025,9,38.2,26.2,7.05,417,"minecraft"
"크리퍼™",21276,59900,10,665,"중국",2025,6,22.2,26.2,7.6,571,"minecraft"
"마인크래프트 제작 테이블",21265,129900,18,1195,NA,2024,NA,NA,NA,NA,NA,"minecraft"
"위더 전투",21590,89900,8,494,NA,2026,NA,NA,NA,NA,NA,"minecraft"
"미니 생물계",21589,80900,12,797,NA,2026,NA,NA,NA,NA,NA,"minecraft"
"워든과의 조우",21274,29900,7,238,"중국",2025,6,20.5,19.1,7.3,297,"minecraft"
"창백한 숲",21586,29900,7,243,NA,2026,NA,NA,NA,NA,NA,"minecraft"
"엔더 드래곤과 엔드 함선",21264,114900,8,657,NA,2024,NA,NA,NA,NA,NA,"minecraft"
"아기 돼지 집",21268,29900,7,238,NA,2025,NA,NA,NA,NA,NA,"minecraft"
"거북이 해변의 집",21254,39900,8,234,"중국",2024,1,26.2,19.1,6.1,438,"minecraft"
"좀비 던전",21587,44900,8,284,NA,2026,NA,NA,NA,NA,NA,"minecraft"
"네더와 엔드 포털 여정",21584,21900,7,192,NA,2026,NA,NA,NA,NA,NA,"minecraft"
"스티브의 사막 탐험",21251,12900,6,75,NA,2024,1,14.1,12.2,4.6,111,"minecraft"
"약탈자 전초기지와 파괴수",21278,119900,9,665,"중국",2025,6,45.6,28.2,6.1,1140,"minecraft"
"시련의 회당",21271,59900,8,322,"중국",2025,3,26.2,22.2,6.2,522,"minecraft"
"네더 용암 전투",21266,13900,6,99,NA,2025,NA,NA,NA,NA,NA,"minecraft"
"닭 농장",21585,29900,7,233,NA,2026,NA,NA,NA,NA,NA,"minecraft"
"엔더맨 타워",21279,149900,9,867,"중국",2025,6,28.2,45.6,8.8,1275,"minecraft"
"스티브의 타이가 모험",21583,13900,6,79,NA,2026,NA,NA,NA,NA,NA,"minecraft"
"여우",21588,64900,10,497,NA,2026,NA,NA,NA,NA,NA,"minecraft"
"무기고",21252,29900,7,203,NA,2024,1,26.2,19.1,4.6,309,"minecraft"
"곡괭이 광산",21277,79900,8,530,"중국",2025,6,28.2,26.2,7.6,676,"minecraft"
"네더 포털 매복",21255,52900,8,352,"중국",2024,1,35.4,19.1,7,544,"minecraft"
"우민 사막 순찰대",21267,21900,7,105,NA,2025,NA,NA,NA,NA,NA,"minecraft"
"아르마딜로 광산 탐험",21269,44900,8,247,NA,2025,NA,NA,NA,NA,NA,"minecraft"
"앵무새 집",21282,99900,8,535,"중국",2025,3,38.2,26.2,7.05,763,"minecraft"
"황무지의 폐광",21263,89900,8,538,NA,2024,NA,NA,NA,NA,NA,"minecraft"
"버섯소 하우스",21270,74900,8,500,NA,2025,NA,NA,NA,NA,NA,"minecraft"
"해적선 항해",21259,19900,8,166,NA,2024,NA,NA,NA,NA,NA,"minecraft"
"삼림 대저택 파이팅 링",21272,74900,10,491,"중국",2025,3,28.2,26.2,7.6,530,"minecraft"
"가스트 열기구 마을 공격",21273,99900,10,555,"중국",2025,3,38.2,26.2,5.65,724,"minecraft"
"개구리 집",21256,79900,8,400,"중국",2024,1,38.2,26.2,5.65,712,"minecraft"
"벚꽃 정원",21260,39900,8,304,NA,2024,NA,NA,NA,NA,NA,"minecraft"
"풍차 농장",21262,79900,8,462,NA,2024,NA,NA,NA,NA,NA,"minecraft"
"TNT 정글 하우스",21275,44900,8,287,"중국",2025,6,35.4,19.1,5.9,471,"minecraft"
"아기 돼지의 생일 잔치",21281,29900,8,351,"중국",2024,10,26.2,19.1,6.1,285,"minecraft"
"여우 우리",21178,29900,8,193,"중국",2022,1,26.2,19.1,6.1,407,"minecraft"
"늑대 요새",21261,49900,8,312,NA,2024,NA,NA,NA,NA,NA,"minecraft"
"대형 산타 미니피겨",40820,79900,10,761,"중국",2025,10,26.2,38.2,9.4,961,"minifigures"
"대형 레이서 미니피겨",40819,79900,10,694,"중국",2025,3,26.2,38.2,7.05,1303,"minifigures"
"대형 레고® 미니피겨",40649,79900,10,654,NA,2023,6,26.2,38.2,7.05,944,"minifigures"
"버섯 소녀 열쇠고리",854306,8000,6,NA,"중국",2025,2,15,4.5,0.59,15,"minifigures"
"프렌치 불도그 남자 열쇠고리",854158,8000,6,NA,"중국",2022,1,16,4.5,0.55,13,"minifigures"
"스파이더맨: 어크로스 더 유니버스",71050,5900,5,8,NA,2025,9,9.4,10.6,2.8,18,"minifigures"
"산타 열쇠고리",854201,8000,6,NA,"중국",2022,10,16,4.5,0.55,14,"minifigures"
"은색 미니피겨 열쇠고리",854305,8000,6,NA,"중국",2025,2,15.5,4.5,0.57,12,"minifigures"
"고추 소녀 열쇠고리",854234,8000,6,NA,"중국",2023,6,16,4.5,0.69,15,"minifigures"
"메가폴리스 시티 5주년",80054,239900,10,2330,NA,2024,1,52.3,48,12.4,3780,"monkie-kid"
"얼랑의 하늘 로봇",80065,114900,9,806,"중국",2025,1,28.2,45.6,7.2,907,"monkie-kid"
"신화 속 동물 키린",80066,89900,9,791,"중국",2025,1,38.2,26.2,5.65,767,"monkie-kid"
"몽키 킹 울트라 로봇",80045,189900,10,1705,NA,2023,1,37.8,48,9.4,2090,"monkie-kid"
"천상의 탑",80058,189900,10,1621,NA,2024,6,37.8,48,9.4,2161,"monkie-kid"
"네자의 파이어 로봇 고리",80057,159900,9,1163,NA,2024,6,35.4,37.8,9.4,1575,"monkie-kid"
"머리가 9개 달린 야수",80056,119900,9,757,NA,2024,6,54,28.2,5.9,997,"monkie-kid"
"몽키 키드의 팀 파워 트럭",80055,99900,7,712,NA,2024,6,45.6,28.2,7.2,1175,"monkie-kid"
"몽키 키드의 콤비 로봇",80040,29900,7,277,NA,2023,1,26.2,19.1,4.6,351,"monkie-kid"
"몽키 키드의 미니 로봇",80051,64900,8,556,NA,2024,1,26.2,28.2,7.6,702,"monkie-kid"
"Nike Dunk Trickshot",43021,59900,10,454,"중국",2025,9,28.2,26.2,5.9,648,"nike"
"Nike Dunk x LEGO® Set",43008,149900,10,1180,"중국",2025,7,48,37.8,7.05,1696,"nike"
"Nike Slam Dunk",43010,99900,10,809,"중국",2025,9,26.2,38.2,9.4,1240,"nike"
"닌자고® 시티 시장",71799,479900,14,6163,NA,2023,NA,NA,NA,NA,NA,"ninjago"
"콜의 타이탄 드래곤 로봇",71821,149900,12,1055,NA,2024,NA,NA,NA,NA,NA,"ninjago"
"닌자고® 시티 작업장",71837,NA,14,3244,NA,2025,NA,NA,NA,NA,NA,"ninjago"
"가디언 드래곤",71847,209900,14,1650,NA,2025,NA,NA,NA,NA,NA,"ninjago"
"파이어 나이트 로봇",71846,169900,14,996,NA,2025,NA,NA,NA,NA,NA,"ninjago"
"로이드의 제트 로봇",71845,149900,9,1112,"중국",2025,6,45.6,28.2,7.2,1347,"ninjago"
"템플 바운티",71848,279900,14,2387,"중국",2025,6,55.5,37.8,11.8,3226,"ninjago"
"근원의 모션 드래곤",71822,199900,12,1716,NA,2024,NA,NA,NA,NA,NA,"ninjago"
"포커스 드래곤",71836,149900,9,869,NA,2025,NA,NA,NA,NA,NA,"ninjago"
"닌자 전투차량",71844,139900,8,561,"중국",2025,6,45.6,28.2,6.1,992,"ninjago"
"네 개의 무기 대장간_15주년 기념",71858,139900,14,1259,NA,2026,NA,NA,NA,NA,NA,"ninjago"
"마스터 드래곤 론투",71842,65900,7,381,"중국",2025,6,26.2,19.1,7.2,542,"ninjago"
"로그의 로봇 드래곤 라이더",71843,99900,8,584,"중국",2025,6,38.2,26.2,5.65,606,"ninjago"
"혼돈의 썬더 팽 드래곤",71832,109900,8,668,NA,2025,NA,NA,NA,NA,NA,"ninjago"
"카이의 모터사이클 스피드 레이스",71838,13900,6,79,"중국",2025,6,19.1,14.1,4.6,135,"ninjago"
"토너먼트 배틀 아레나",71818,69900,7,659,NA,2024,6,28.2,26.2,7.6,860,"ninjago"
"드래고니안 스톰 빌리지",71841,59900,7,305,NA,2025,NA,NA,NA,NA,NA,"ninjago"
"제이의 로봇 전투 팩",71805,12900,6,78,"중국",2024,1,15.7,14.1,4.5,103,"ninjago"
"토너먼트 템플 시티",71814,329900,14,3489,NA,2024,NA,NA,NA,NA,NA,"ninjago"
"카이의 엘리멘탈 파이어 로봇",71808,44900,7,322,NA,2024,1,26.2,28.2,5.9,484,"ninjago"
"마스터 드래곤 에갈트",71809,99900,8,532,"중국",2024,1,38.2,26.2,5.65,671,"ninjago"
"쟌의 울트라 합체 로봇",71834,139900,9,1187,NA,2025,NA,NA,NA,NA,NA,"ninjago"
"울프 마스크 섀도우 도장",71813,159900,9,1190,NA,2024,NA,NA,NA,NA,NA,"ninjago"
"소라의 드래곤 스핀짓주 스피너",71824,13900,6,56,NA,2025,NA,NA,NA,NA,NA,"ninjago"
"드래곤 스핀짓주 배틀 팩",71826,29900,6,186,NA,2025,NA,NA,NA,NA,NA,"ninjago"
"드래곤 스톤 사원",71819,159900,13,1212,"중국",2024,3,35.4,37.8,9.4,1616,"ninjago"
"콜의 엘리멘탈 어스 로봇",71806,29900,7,235,NA,2024,1,19.1,26.2,6.1,361,"ninjago"
"카나타와 칼집",854258,39300,6,NA,"중국",2023,6,45,35.5,3.75,264,"ninjago"
"로이드의 그린 포레스트 드래곤",71829,29900,6,128,NA,2025,NA,NA,NA,NA,NA,"ninjago"
"라스와 아린의 슈퍼 스톰 제트",71833,74900,8,510,NA,2025,NA,NA,NA,NA,NA,"ninjago"
"아린의 스핀짓주 배틀 로봇",71839,29900,7,213,"중국",2025,6,19.1,26.2,6.1,306,"ninjago"
"닌자 팀 콤보 전투차량",71820,129900,9,576,NA,2024,NA,NA,NA,NA,NA,"ninjago"
"닌자 스핀짓주 사원",71831,59900,4,158,NA,2025,NA,NA,NA,NA,NA,"ninjago"
"카이의 로봇 스톰 라이더",71830,74900,7,333,NA,2025,NA,NA,NA,NA,NA,"ninjago"
"소라의 엘리멘탈 테크 로봇",71807,29900,7,209,NA,2024,NA,NA,NA,NA,NA,"ninjago"
"쟌의 배틀 수트 로봇",71827,13900,6,92,NA,2025,NA,NA,NA,NA,NA,"ninjago"
"로그 대 드릭스의 레이스카 대결",71840,29900,4,111,"중국",2025,6,26.2,14.1,6.1,341,"ninjago"
"카이의 드래곤 스핀짓주 스피너",71823,13900,6,54,NA,2025,NA,NA,NA,NA,NA,"ninjago"
"아기 드래곤 리유",71810,19900,6,132,NA,2024,3,26.2,14.1,4.8,194,"ninjago"
"카이의 닌자 클라이머 로봇",71812,99900,9,623,"중국",2024,3,26.2,38.2,7.05,812,"ninjago"
"로이드의 풀백 경주용 자동차",71828,36900,7,181,NA,2025,NA,NA,NA,NA,NA,"ninjago"
"아린의 닌자 오프로드 버기카",71811,69900,7,267,"중국",2024,3,28.2,26.2,7.6,552,"ninjago"
"쟌의 아이스 모터사이클",71816,12900,7,84,NA,2024,NA,NA,NA,NA,NA,"ninjago"
"아린의 전투 로봇",71804,19900,4,104,NA,2024,NA,NA,NA,NA,NA,"ninjago"
"카이의 원소 드래곤 전투",71815,52900,4,120,"중국",2024,3,26.2,19.1,6.1,360,"ninjago"
"로이드의 검과 칼집",854311,29900,6,NA,"중국",2025,3,52.08,16.12,7,188,"ninjago"
"드래곤 전사 도끼",854309,13500,6,NA,"중국",2025,3,47.5,26.9,1.42,126,"ninjago"
"닌자 더블 카타나",854310,36900,6,NA,"중국",2025,3,52.52,15.2,3.25,202,"ninjago"
"카이의 닌자 레이스카 EVO",71780,12900,6,94,NA,2023,1,19.1,14.1,4.6,184,"ninjago"
"고잉 메리호 해적선",75639,189900,10,1376,"중국",2025,8,48,37.8,9.4,2436,"one-piece"
"바라티에 수상 레스토랑",75640,409900,18,3402,"중국",2025,8,52.3,48,12.4,4432,"one-piece"
"풍차 마을 오두막",75636,44900,8,299,"중국",2025,8,26.2,19.1,6.1,444,"one-piece"
"광대 버기의 서커스 텐트",75637,74900,8,573,"중국",2025,8,26.2,22.2,7.6,693,"one-piece"
"아론 파크의 전투",75638,119900,9,926,"중국",2025,8,38.2,26.2,7.05,930,"one-piece"
"광대 버기 피겨",40800,13500,10,176,"중국",2025,8,12.2,14.1,6.1,150,"one-piece"
"몽키 D. 루피 피겨",40799,13500,10,136,NA,2025,NA,NA,NA,NA,NA,"one-piece"
"그랜드 피아노",21323,519900,18,3662,"중국",2020,8,58.2,37.8,16,5773,"powered-up"
"테크닉 허브",88012,83930,7,1,"중국",2020,6,17,17,2.1,83,"powered-up"
"테크닉 라지 모터",88013,49900,7,1,"인도네시아",2020,6,14,2.24,2.24,60,"powered-up"
"고속 기차",60337,199900,7,764,"중국",2022,6,58.2,37.8,10.3,2246,"powered-up"
"아우디 RS Q e-트론",42160,229900,10,914,"중국",2023,8,38.2,26.2,11.8,1860,"powered-up"
"배터리 박스",88015,49900,7,1,NA,NA,NA,NA,NA,NA,NA,"powered-up"
"Liebherr LR 13000 크롤러 크레인",42146,879900,18,2883,NA,2023,NA,NA,NA,NA,NA,"powered-up"
"기차 모터",88011,21900,7,7,"중국",2019,4,14,14,3,67,"powered-up"
"Starter Kit",2000414,34900,6,234,"덴마크",2010,2,35.4,19.1,9.1,557,"serious-play"
"Connections Kit",2000431,635000,6,2455,"덴마크",2013,9,58,48.5,15.5,5011,"serious-play"
"Window Exploration Bag",2000409,479900,6,5100,"덴마크",2002,11,49.5,30,30.6,5424,"serious-play"
"팀 소닉 커맨드 트럭",77006,99900,8,747,"중국",2025,8,45.6,28.2,6.1,1204,"sonic-the-hedgehog"
"사이클론 대 메탈 소닉",77002,44900,8,290,"중국",2025,1,19.1,26.2,6.1,373,"sonic-the-hedgehog"
"소닉의 모닥불 소동",77001,29900,7,177,"중국",2025,1,26.2,19.1,4.6,198,"sonic-the-hedgehog"
"슈퍼 소닉 vs 에그 드릴스터",76999,114900,8,590,"중국",2024,8,45.6,28.2,6.1,940,"sonic-the-hedgehog"
"너클즈 vs 닥터 에그맨의 에그크러셔 로봇",77005,59900,8,350,"중국",2025,8,28.2,26.2,5.9,499,"sonic-the-hedgehog"
"슈퍼 섀도우 대 바이오리저드",77003,64900,9,419,"중국",2025,1,38.2,26.2,5.65,633,"sonic-the-hedgehog"
"섀도우",77000,99900,18,720,"중국",2024,10,19.1,35.4,9.1,875,"sonic-the-hedgehog"
"테일스의 어드벤처 보트",76997,79900,8,393,"중국",2024,8,38.2,26.2,5.65,585,"sonic-the-hedgehog"
"너클즈와 마스터 에메랄드 사원",76998,49900,8,325,"중국",2024,8,28.2,26.2,5.9,490,"sonic-the-hedgehog"
"쉐도우 더 헤지혹 열쇠고리",854302,8000,6,NA,NA,NA,NA,NA,NA,NA,NA,"sonic-the-hedgehog"
"소닉 더 헤지혹™ 열쇠고리",854239,8000,6,NA,"중국",2023,8,16,4.5,0.69,15,"sonic-the-hedgehog"
"쉐도우 더 헤지혹의 탈출",76995,30900,8,196,"중국",2024,1,26.2,19.1,4.6,274,"sonic-the-hedgehog"
"너클즈의 가디언 로봇",76996,49900,8,276,"중국",2024,1,26.2,22.2,6.2,344,"sonic-the-hedgehog"
"백 투 더 퓨처 타임머신",77256,39900,9,357,NA,2026,NA,NA,NA,NA,NA,"speed-champions"
"라이트닝 맥퀸",77255,39900,9,270,NA,2026,NA,NA,NA,NA,NA,"speed-champions"
"F1® 더 무비의 APXGP 팀 레이스카",77252,39900,10,268,NA,2026,NA,NA,NA,NA,NA,"speed-champions"
"Oracle Red Bull Racing RB20 F1® 레이스 카",77243,39900,18,251,NA,2025,NA,NA,NA,NA,NA,"speed-champions"
"Ferrari SF-24 F1® 레이스 카",77242,39900,10,275,NA,2025,NA,NA,NA,NA,NA,"speed-champions"
"Mercedes-AMG F1® W15 레이스 카",77244,39900,10,267,NA,2025,NA,NA,NA,NA,NA,"speed-champions"
"패스트 & 퓨리어스 2 혼다 S2000",77241,39900,9,300,"중국",2025,6,26.2,14.1,7.2,318,"speed-champions"
"McLaren F1® Team MCL38 레이스 카",77251,39900,10,269,NA,2025,NA,NA,NA,NA,NA,"speed-champions"
"Mercedes-AMG G 63 & Mercedes-AMG SL 63",76924,69900,10,808,NA,2024,6,35.4,19.1,11.8,916,"speed-champions"
"Williams Racing FW46 F1® 레이스 카",77249,39900,10,263,"중국",2025,3,26.2,14.1,4.8,274,"speed-champions"
"Bugatti Centodieci 하이퍼 스포츠카",77240,39900,9,291,"중국",2025,8,26.2,14.1,7.2,317,"speed-champions"
"Porsche 911 GT3 RS 슈퍼카",77239,39900,9,348,"중국",2025,8,26.2,14.1,9.1,364,"speed-champions"
"Visa Cash App RB VCARB 01 F1® 레이스 카",77246,39900,18,248,"중국",2025,3,26.2,14.1,4.8,277,"speed-champions"
"Aston Martin Aramco F1® AMR24 레이스 카",77245,39900,10,269,"중국",2025,3,26.2,14.1,4.8,279,"speed-champions"
"Lamborghini Revuelto & Huracán STO",77238,74900,10,607,"중국",2025,8,35.4,19.1,7,606,"speed-champions"
"Ferrari F40 슈퍼카",76934,34900,9,318,NA,2024,8,26.2,14.1,7.2,340,"speed-champions"
"Aston Martin 세이프티 카 & AMR23",76925,69900,9,564,NA,2024,6,35.4,19.1,7,622,"speed-champions"
"Dodge Challenger SRT Hellcat 스포츠카",77237,39900,9,390,"중국",2025,8,26.2,14.1,9.1,385,"speed-champions"
"MoneyGram Haas F1® Team VF-24 레이스 카",77250,39900,10,242,"중국",2025,3,26.2,14.1,4.8,280,"speed-champions"
"포드 머스탱 다크호스 스포츠카",76920,34900,9,344,NA,2024,NA,NA,NA,NA,NA,"speed-champions"
"BWT Alpine F1® Team A524 레이스 카",77248,39900,10,258,"중국",2025,3,26.2,14.1,4.8,274,"speed-champions"
"분노의 질주 닛산 스카이라인 GT-R (R34)",76917,34900,9,319,NA,2023,1,26.2,14.1,7.2,349,"speed-champions"
"BMW M4 GT3와 BMW M 하이브리드 V8 레이스카",76922,69900,9,676,NA,2024,3,35.4,19.1,9.1,789,"speed-champions"
"아우디 S1 e-tron 콰트로 레이스카",76921,34900,9,274,NA,2024,3,26.2,14.1,7.2,322,"speed-champions"
"Lamborghini Lambo V12 Vision GT 슈퍼카",76923,34900,10,230,NA,2024,6,26.2,14.1,7.2,283,"speed-champions"
"NASCAR® Next Gen Chevrolet Camaro ZL1",76935,34900,9,328,NA,2024,8,26.2,14.1,7.2,389,"speed-champions"
"데스스타™",75419,1399000,18,9023,NA,2025,NA,NA,NA,NA,NA,"star-wars"
"AT-ST™ 워커",75417,279900,18,1513,"중국",2025,8,37.8,48,9.4,1956,"star-wars"
"레이저 크레스트™",75331,779900,18,6187,NA,2022,10,52.3,48,23.8,8043,"star-wars"
"진저브레드 AT-AT™ 워커",40806,89900,10,697,"중국",2025,10,28.2,26.2,7.6,644,"star-wars"
"밀레니엄 팔콘™",75192,1100000,16,7541,"덴마크",2017,10,53.3,46,38.5,13640,"star-wars"
"데스 트루퍼와 나이트 트루퍼 배틀 팩",75412,29900,6,119,NA,2025,NA,NA,NA,NA,NA,"star-wars"
"코러산트 가드 건쉽™",75354,199900,9,1083,NA,2023,9,48,37.8,7.05,1730,"star-wars"
"제국의 드롭쉽 대 반란군 스카우트 스피더",40755,55000,8,383,NA,2024,NA,NA,NA,NA,NA,"star-wars"
"타이 파이터와 X-윙",75393,159900,9,1063,NA,2024,8,38.2,26.2,9.4,1366,"star-wars"
"플로 쿤의 제다이 스타파이터™",75400,21900,6,89,NA,2025,NA,NA,NA,NA,NA,"star-wars"
"장고 펫의 스타쉽",75433,99900,9,707,"중국",2025,8,38.2,26.2,5.65,790,"star-wars"
"327 스타 코어 클론 트루퍼™ 배틀 팩",75431,59900,7,258,"중국",2025,8,20.5,19.1,4.6,240,"star-wars"
"펠루시아 분리주의자 MTT™의 전투",75435,209900,9,976,"중국",2025,8,54,28.2,7.85,1450,"star-wars"
"V-19 토렌트 스타파이터",75432,94900,9,567,"중국",2025,8,28.2,26.2,7.6,764,"star-wars"
"반란군 U-윙 스타파이터™",75399,99900,8,594,NA,2025,NA,NA,NA,NA,NA,"star-wars"
"임페리얼 스타 디스트로이어™",75394,229900,10,1555,NA,2024,8,45.6,28.2,13.6,2550,"star-wars"
"탄티브 IV™ 탑승",75387,79900,8,502,NA,2024,3,35.4,19.1,9.1,752,"star-wars"
"파즈 비즐라™와 모프 기드온™의 전투",75386,52900,7,289,NA,2024,6,26.2,19.1,6.1,448,"star-wars"
"아소카 타노의 페리디아 결투",75385,79900,8,382,NA,2024,8,26.2,22.2,7.6,555,"star-wars"
"베나터급 공화국 공격 순양함",75367,839900,18,5374,"중국",2023,10,52.3,48,38.3,9844,"star-wars"
"다스 몰의 시스 인필트레이터™",75383,99900,9,640,NA,2024,5,35.4,19.1,9.1,813,"star-wars"
"고스트와 팬텀 II",75357,229900,10,1394,NA,2023,9,48,37.8,9.4,1990,"star-wars"
"밀레니엄 팔콘™",75375,119900,18,921,"중국",2024,3,28.2,26.2,11.8,1003,"star-wars"
"오비완 케노비의 제다이 스타파이터™",75333,49900,7,282,NA,2022,8,26.2,19.1,6.1,385,"star-wars"
"캡틴 렉스™ Y-윙™ 마이크로파이터",75391,17900,6,99,NA,2024,6,14.1,12.2,4.6,114,"star-wars"
"클론 트루퍼™와 배틀 드로이드™ 배틀팩",75372,44900,7,215,NA,2024,1,20.5,19.1,4.6,219,"star-wars"
"다크 팔콘",75389,239900,10,1579,NA,2024,8,48,37.8,11.2,2769,"star-wars"
"501 클론 트루퍼™ 배틀 팩",75345,29900,6,119,NA,2023,1,19.1,14.1,4.6,125,"star-wars"
"포스 버너 스노우스피더™",75414,74900,7,349,"중국",2025,8,26.2,19.1,7.2,435,"star-wars"
"타이 인터셉터™",75382,299900,18,1931,NA,2024,NA,NA,NA,NA,NA,"star-wars"
"BARC 스피더™ 탈출",75378,44900,8,221,NA,2024,5,20.5,19.1,4.6,236,"star-wars"
"인비저블 핸드™",75377,69900,18,557,"중국",2024,3,28.2,26.2,5.9,644,"star-wars"
"장고 펫의 파이어스프레이급 우주선",75409,409900,18,2970,NA,2025,NA,NA,NA,NA,NA,"star-wars"
"만도와 그로구의 N-1 스타파이터™",75410,44900,4,92,NA,2025,NA,NA,NA,NA,NA,"star-wars"
"공화국 저거너트",75413,209900,9,813,"중국",2025,8,54,28.2,5.9,1369,"star-wars"
"X-윙 스타파이터™",75355,319900,18,1953,NA,2023,5,58.2,37.8,8.7,2790,"star-wars"
"오닉스 신더",75374,189900,10,1325,NA,2024,8,48,37.8,7.05,1801,"star-wars"
"만달로어™의 매복 배틀 팩",75373,30900,6,109,NA,2024,6,15.7,14.1,4.5,148,"star-wars"
"다스 몰™ 로봇",75411,21900,6,143,NA,2025,NA,NA,NA,NA,NA,"star-wars"
"만달로리안 N-1 스타파이터",75325,94900,9,412,NA,2022,6,38.2,26.2,5.65,730,"star-wars"
"오비완 케노비™와 다스베이더™",40547,28200,10,260,"덴마크",2022,5,19.1,14.1,7.05,266,"star-wars"
"아소카의 제다이 인터셉터™",75401,65900,8,290,NA,2025,NA,NA,NA,NA,NA,"star-wars"
"이그제큐터 수퍼스타 디스트로이어™",75356,99900,18,630,"중국",2023,5,38.2,26.2,7.05,850,"star-wars"
"자바의 함선™",75397,649900,18,3943,NA,2024,NA,NA,NA,NA,NA,"star-wars"
"아소카 타노의 T-6 제다이 셔틀",75362,106900,9,601,NA,2023,9,38.2,26.2,7.05,877,"star-wars"
"AT-TE™ 워커",75337,189900,9,1082,NA,2022,8,48,37.8,7.05,1517,"star-wars"
"R2-D2™",75379,149900,10,1050,NA,2024,3,26.2,38.2,9.4,1316,"star-wars"
"스타워즈™ 로고",75407,99900,18,700,NA,2025,NA,NA,NA,NA,NA,"star-wars"
"루크 스카이워커™ X-윙™ 로봇",75390,22900,6,195,NA,2024,6,14.1,15.7,6.1,193,"star-wars"
"R2-D2™ 열쇠고리",854312,8000,6,NA,"중국",2025,4,14.5,4.5,0.76,14,"star-wars"
"ARC-170 스타파이터™",75402,99900,9,497,NA,2025,NA,NA,NA,NA,NA,"star-wars"
"K-2SO™ 보안 드로이드",75434,139900,10,845,"중국",2025,8,26.2,38.2,7.05,742,"star-wars"
"클론 사령관 코디™",40675,13500,10,147,"중국",2024,5,9.1,12.2,7.8,138,"star-wars"
"타이 폭격기™",75347,94900,9,625,NA,2023,1,38.2,26.2,7.05,790,"star-wars"
"제다이 밥의 스타파이터",75388,52900,8,305,NA,2024,8,26.2,19.1,6.1,416,"star-wars"
"탄티브 IV™",75376,114900,18,654,"중국",2024,3,35.4,19.1,9.1,778,"star-wars"
"카일로 렌의 커맨드 셔틀",75406,99900,18,386,NA,2025,NA,NA,NA,NA,NA,"star-wars"
"배틀 드로이드™와 STAP",75428,189900,12,1088,"중국",2025,7,28.2,45.6,7.2,1370,"star-wars"
"드로이데카™",75381,94900,18,583,"중국",2024,5,22.2,26.2,7.6,581,"star-wars"
"어클레메이터급 어썰트 쉽™",75404,74900,18,450,NA,2025,NA,NA,NA,NA,NA,"star-wars"
"C-3PO™",75398,189900,18,1138,"중국",2024,8,28.2,45.6,7.2,1020,"star-wars"
"유모차를 탄 그로구™",75403,149900,10,1048,NA,2025,NA,NA,NA,NA,NA,"star-wars"
"위켓™ 이웍",75430,169900,12,1010,"중국",2025,8,26.2,38.2,9.4,1196,"star-wars"
"AT-AT 운전병™ 헬멧",75429,119900,18,730,NA,2025,NA,NA,NA,NA,NA,"star-wars"
"루크 스카이워커™(반란군 파일럿)",40795,13500,10,138,NA,2025,NA,NA,NA,NA,NA,"star-wars"
"모스 에스파 포드레이스™ 디오라마",75380,114900,18,718,"중국",2024,5,38.2,26.2,7.05,905,"star-wars"
"홈 원 스타크루저",75405,99900,18,559,NA,2025,NA,NA,NA,NA,NA,"star-wars"
"시스의 복수™ 영웅과 악당",40796,74900,10,656,NA,2025,NA,NA,NA,NA,NA,"star-wars"
"스톰트루퍼™ 열쇠고리",853946,8000,6,NA,"중국",2019,3,15.5,4.5,0.49,14,"star-wars"
"창의적인 놀이 드로이드™ 빌더",75392,149900,9,1186,NA,2024,8,38.2,26.2,9.4,1284,"star-wars"
"크림슨 파이어호크™",75384,69900,4,136,"중국",2024,1,26.2,19.1,7.2,422,"star-wars"
"C1-10P ’쵸퍼' 아스트로메크 드로이드",75416,159900,10,1039,NA,2025,NA,NA,NA,NA,NA,"star-wars"
"카일로 렌™ 헬멧",75415,99900,18,529,NA,2025,NA,NA,NA,NA,NA,"star-wars"
"장고 펫™ 헬멧",75408,119900,18,616,NA,2025,NA,NA,NA,NA,NA,"star-wars"
"루크 스카이워커™ 파일럿 열쇠고리",854288,8000,6,NA,NA,NA,NA,NA,NA,NA,NA,"star-wars"
"만달로리안™ 헬멧",75328,99900,18,584,"중국",2022,3,19.1,35.4,9.1,790,"star-wars"
"캡틴 렉스™ 헬멧",75349,99900,18,854,"중국",2023,3,19.1,35.4,11.8,970,"star-wars"
"요다™ 열쇠고리",853449,8000,6,NA,"중국",2015,1,15.5,4.5,0.7,11,"star-wars"
"C-3PO™ 열쇠고리",854313,8000,6,NA,"중국",2025,4,15.5,4.5,0.57,12,"star-wars"
"팰퍼틴 황제™ 열쇠고리",854289,8000,6,NA,NA,NA,NA,NA,NA,NA,NA,"star-wars"
"아소카 타노™ 열쇠고리",854186,8000,6,NA,"중국",2022,1,16,4.5,0.55,14,"star-wars"
"데저트 스키프와 살락 핏",75396,114900,9,558,NA,2024,8,28.2,26.2,7.6,845,"star-wars"
"The Force of Creativity",5008878,209900,18,NA,NA,NA,NA,NA,NA,NA,NA,"star-wars"
"만달로리안™ 열쇠고리",854124,8000,6,NA,"중국",2021,1,16,4.5,0.55,13,"star-wars"
"다스베이더™ 열쇠고리",854236,8000,6,NA,"중국",2023,5,15,4.5,1,14,"star-wars"
"그로구™ 열쇠고리",854187,8000,6,NA,"중국",2022,1,13,4.5,0.57,10,"star-wars"
"스카우트 트루퍼™ 열쇠고리",854246,8000,6,NA,"중국",2023,5,15.5,4.5,0.57,14,"star-wars"
"Game Boy™",72046,89900,18,421,"중국",2025,10,19.1,35.4,7,607,"super-mario"
"마리오 카트™: 마리오 & 스탠더드카트",72037,239900,18,1972,"중국",2025,5,55.5,37.8,8.7,2541,"super-mario"
"마리오 카트™ - 물어라 뻐끔플라워!",72044,74900,8,588,"중국",2025,8,28.2,26.2,7.6,711,"super-mario"
"슈퍼 마리오 월드™ : 마리오와 요시",71438,179900,18,1215,"중국",2024,10,37.8,48,9.4,1730,"super-mario"
"마리오 카트™ - 쿠파 성",72039,149900,9,1068,"중국",2025,8,45.6,28.2,7.2,1328,"super-mario"
"마리오 카트™ – 동키콩과 DK 점보",72033,49900,8,387,"중국",2025,1,35.4,19.1,5.9,482,"super-mario"
"뻐끔플라워",71426,96900,18,540,"중국",2023,11,19.1,35.4,9.1,734,"super-mario"
"소다 정글 메이커 세트",71434,79900,7,598,NA,2024,8,28.2,26.2,7.6,772,"super-mario"
"마리오 카트™ – 베이비피치와 그랑프리 세트",72036,114900,8,823,"중국",2025,1,38.2,26.2,7.05,942,"super-mario"
"마리오 카트™ – 레고® 마리오와 스탠더드카트",72043,74900,7,278,NA,2025,NA,NA,NA,NA,NA,"super-mario"
"마리오 카트™ - 헤이호와 Ｐ윙",72045,29900,7,249,"중국",2025,8,26.2,19.1,4.6,333,"super-mario"
"쿠파 익스프레스",71437,159900,9,1392,NA,2024,8,48,37.8,9.4,2160,"super-mario"
"플로리안왕자와 성 쿠파",72042,149900,9,1251,"중국",2025,8,37.8,35.4,11.8,1845,"super-mario"
"마리오 카트™ - 와리오와 킹부끄",72038,74900,8,512,"중국",2025,8,28.2,26.2,5.9,683,"super-mario"
"마리오 카트™ – 베이비마리오 대 베이비루이지",72034,44900,8,321,"중국",2025,1,35.4,19.1,5.9,376,"super-mario"
"마리오 카트™ – 요시바이크",72031,19900,7,133,"중국",2025,1,19.1,14.1,4.6,171,"super-mario"
"레고® 마리오™ 와 모험!",71439,69900,6,218,NA,2024,8,28.2,26.2,5.9,467,"super-mario"
"마리오 카트™ – 스탠더드카트",72032,29900,7,174,"중국",2025,1,26.2,19.1,4.6,252,"super-mario"
"마리오 카트™ – 스탠더드카트",72032,29900,7,174,"중국",2025,1,26.2,19.1,4.6,252,"super-mario"
"키노피오대장의 캠프",72040,21900,6,159,"중국",2025,8,26.2,14.1,4.8,277,"super-mario"
"키노피오하우스에서 홈 파티",72041,44900,7,276,"중국",2025,8,35.4,19.1,5.9,436,"super-mario"
"킹부끄의 유령의 집",71436,109900,8,932,NA,2024,8,45.6,28.2,7.2,1205,"super-mario"
"피치 성에서 로이와 대결!",71435,94900,7,738,NA,2024,8,38.2,26.2,7.05,987,"super-mario"
"레고® 피치와™ 모험!",71441,69900,6,208,NA,2024,8,28.2,26.2,5.9,447,"super-mario"
"레고® 루이지™ 와 모험!",71440,69900,6,210,NA,2024,8,28.2,26.2,5.9,457,"super-mario"
"마리오 카트™ – 키노피오의 차고",72035,52900,8,390,"중국",2025,1,26.2,22.2,7.6,605,"super-mario"
"Oracle Red Bull Racing RB20 F1 레이스 카",42206,289900,18,1639,NA,2025,NA,NA,NA,NA,NA,"technic"
"Ferrari SF-24 F1 레이스 카",42207,289900,18,1361,NA,2025,NA,NA,NA,NA,NA,"technic"
"페라리 Daytona SP3",42143,599900,18,3778,NA,2022,NA,NA,NA,NA,NA,"technic"
"Ford Bronco® SUV",42213,89900,9,943,"중국",2025,8,38.2,26.2,9.4,1130,"technic"
"Mercedes-AMG F1 W14 E Performance Pull-Back",42165,39900,7,240,"중국",2024,3,26.2,14.1,9.1,404,"technic"
"Mercedes-AMG F1 W14 E Performance",42171,289900,18,1643,"중국",2024,3,55.5,37.8,8.7,2506,"technic"
"McLaren P1™",42172,599900,18,3893,"중국",2024,8,52.2,37.8,23,6647,"technic"
"Mercedes-Benz G 500 PROFESSIONAL Line",42177,329900,18,2891,"중국",2024,8,55.5,37.8,13.2,3246,"technic"
"Lamborghini Sián FKP 37",42115,599900,18,3696,NA,2020,6,57,37.5,15,6124,"technic"
"Liebherr LR 13000 크롤러 크레인",42146,879900,18,2883,NA,2023,NA,NA,NA,NA,NA,"technic"
"Ferrari FXX K",42212,84900,10,897,"중국",2025,8,38.2,26.2,7.05,928,"technic"
"Volvo EC500 Hybrid 굴착기",42215,539900,18,2359,"중국",2025,8,52.3,48,12.4,3583,"technic"
"Volvo FMX 트럭 및 EC230 전기 굴착기",42175,259900,10,2274,NA,2024,8,55.5,37.8,11.8,3593,"technic"
"Lamborghini Revuelto 슈퍼 스포츠카",42214,249900,10,1135,"중국",2025,8,38.2,26.2,11.8,1677,"technic"
"패스트 & 퓨리어스 2 Nissan Skyline GT-R (R34)",42210,199900,18,1410,"중국",2025,6,45.6,28.2,11.8,1978,"technic"
"푸조 9X8 24H 르망 하이브리드 하이퍼카",42156,259900,18,1775,NA,2023,5,48,37.8,11.2,2730,"technic"
"공전하는 지구와 달",42179,114900,10,526,NA,2024,3,38.2,26.2,9.4,1031,"technic"
"2022 포드 GT",42154,159900,18,1468,"중국",2023,3,48,28.2,9.1,1725,"technic"
"푸조 9X8 24H 르망 하이브리드 하이퍼카",42156,259900,18,1775,NA,2023,5,48,37.8,11.2,2730,"technic"
"공전하는 지구와 달",42179,114900,10,526,NA,2024,3,38.2,26.2,9.4,1031,"technic"
"2022 포드 GT",42154,159900,18,1468,"중국",2023,3,48,28.2,9.1,1725,"technic"
"Volvo L120 Electric 휠 로더",42209,149900,9,973,"중국",2025,6,38.2,26.2,9.4,1231,"technic"
"Ducati Panigale V4 S 모터사이클",42202,279900,18,1603,"중국",2025,1,55.5,37.8,10.3,2876,"technic"
"BMW M 1000 RR",42130,329900,18,1921,"중국",2022,1,58.2,37.8,10.3,2781,"technic"
"Aston Martin Valkyrie",42208,89900,9,707,NA,2025,NA,NA,NA,NA,NA,"technic"
"Koenigsegg Jesko Absolut 화이트 하이퍼카",42184,69900,10,801,NA,2024,8,38.2,26.2,7.05,1041,"technic"
"맥라렌 포뮬러 1™ 레이스카",42141,259900,18,1434,"중국",2022,3,58.2,37.8,8.7,2270,"technic"
"야마하 MT-10 SP",42159,299900,18,1478,"중국",2023,8,58.2,37.8,8.7,2135,"technic"
"Lamborghini Huracán Tecnica 오렌지",42196,77900,9,806,NA,2024,4,38.2,26.2,7.05,1079,"technic"
"테크닉 허브",88012,83930,7,1,"중국",2020,6,17,17,2.1,83,"technic"
"Porsche GT4 e-Performance 레이스카",42176,229900,10,836,"중국",2024,8,38.2,26.2,9.4,1593,"technic"
"부가티 볼리드",42151,72900,9,905,NA,2023,1,38.2,26.2,7.05,907,"technic"
"아우디 RS Q e-트론",42160,229900,10,914,"중국",2023,8,38.2,26.2,11.8,1860,"technic"
"Fast and Furious Toyota Supra MK4",42204,89900,9,810,"중국",2025,3,38.2,26.2,7.05,1019,"technic"
"Koenigsegg Jesko Absolut 그레이 하이퍼카",42173,69900,10,801,NA,2024,8,38.2,26.2,7.05,990,"technic"
"Kawasaki Ninja H2R 모터사이클",42170,114900,10,643,NA,2024,3,38.2,26.2,7.05,873,"technic"
"Chevrolet Corvette Stingray",42205,89900,9,732,"중국",2025,3,38.2,26.2,7.05,894,"technic"
"Emirates Team New Zealand AC75 요트",42174,159900,18,962,"중국",2024,8,28.2,45.6,8.8,1095,"technic"
"NASA 화성 탐사선 퍼서비어런스",42158,137900,10,1132,"중국",2023,6,38.2,26.2,11.8,1485,"technic"
"테크닉 라지 모터",88013,49900,7,1,"인도네시아",2020,6,14,2.24,2.24,60,"technic"
"Chevrolet Corvette Stingray Blue",42217,89900,9,732,"중국",2025,6,38.2,26.2,7.05,865,"technic"
"VTOL 헤비 카고 스페이스쉽 LT81",42181,149900,10,1365,NA,2024,3,45.6,28.2,13.6,2140,"technic"
"덤프 트럭",42203,74900,9,462,"중국",2025,3,28.2,26.2,7.6,817,"technic"
"Lunar Outpost™ 문 로버 우주차량",42211,149900,10,1082,"중국",2025,8,45.6,28.2,8.8,1456,"technic"
"NEOM McLaren Extreme E 레이스카",42166,39900,7,252,NA,2024,1,26.2,14.1,7.2,418,"technic"
"오지 비행기",42198,40900,8,333,NA,2025,NA,NA,NA,NA,NA,"technic"
"NASA Apollo 달 탐사 차량 - LRV",42182,299900,18,1913,"중국",2024,8,55.5,37.8,10.3,2178,"technic"
"Mack® LR Electric 청소 트럭",42167,49900,8,503,NA,2024,1,35.4,19.1,7,709,"technic"
"람보르기니 우라칸 테크니카",42161,77900,9,806,NA,2023,8,38.2,26.2,7.05,1055,"technic"
"John Deere 9700 Forage Harvester",42168,56900,9,559,"중국",2024,1,26.2,22.2,9.5,678,"technic"
"Monster Jam™ ThunderROARus™ 풀백",42200,40900,7,232,NA,2025,NA,NA,NA,NA,NA,"technic"
"백호우 로더",42197,13900,7,104,NA,2025,NA,NA,NA,NA,NA,"technic"
"오프로드 레이스 버기카",42164,22900,8,219,NA,2024,1,19.1,14.1,7.05,289,"technic"
"서피스 스페이스 로더 LT78",42178,49900,8,435,NA,2024,3,28.2,26.2,7.6,720,"technic"
"Monster Jam™ DIGatron™ 풀백",42199,40900,7,218,NA,2025,NA,NA,NA,NA,NA,"technic"
"심해 연구용 잠수함",42201,59900,9,413,NA,2025,NA,NA,NA,NA,NA,"technic"
"배터리 박스",88015,49900,7,1,NA,NA,NA,NA,NA,NA,NA,"technic"
"1966 포드 GT40 MKII 레이스카",42223,109900,18,793,NA,2026,NA,NA,NA,NA,NA,"technic"
"NEOM McLaren Formula E 레이스카",42169,69900,9,452,"중국",2024,3,38.2,26.2,5.65,770,"technic"
"화성 탐사대원의 탐사용 로버",42180,199900,11,1599,"중국",2024,3,48,37.8,11.2,2372,"technic"
"헤비듀티 불도저",42163,12900,7,195,NA,2024,1,14.1,12.2,4.6,151,"technic"
"데크나무 2 in 1",77092,399900,18,2500,"중국",2024,9,55.5,37.8,11.8,2729,"legend-of-zelda"
"씽의 아파트",76785,119900,10,828,"중국",2025,10,38.2,26.2,9.4,1255,"wednesday"
"모티시아의 작은 집",76786,149900,10,1002,"중국",2025,10,45.6,28.2,8.8,1417,"wednesday"
"검은 달리아 꽃",76784,36900,9,358,"중국",2025,8,19.1,26.2,6.1,367,"wednesday"
"웬즈데이와 이니드의 기숙사 방",76781,129900,10,750,"중국",2024,10,45.6,28.2,7.2,1304,"wednesday"
"웬즈데이 아담스 피겨",76780,69900,10,702,"중국",2024,10,26.2,22.2,9.5,806,"wednesday"
"웬즈데이와 이니드",40750,28200,10,239,"헝가리",2024,10,19.1,14.1,6.1,254,"wednesday"
"에메랄드 시티 월아트",75685,209900,18,1518,"중국",2025,9,37.8,48,9.4,2037,"wicked"
"엘파바와 글린다 피겨",40794,28200,10,325,"중국",2025,9,19.1,14.1,9.1,335,"wicked"
"글린다와 엘파바 책꽂이",75691,169900,18,1327,"중국",2025,9,35.4,37.8,9.4,1679,"wicked"
"에메랄드 시티와 키아모 코 성",75689,119900,9,860,"중국",2025,9,38.2,26.2,7.05,955,"wicked"
"글린다와 엘파바의 먼치킨랜드 방문",75690,99900,9,744,"중국",2025,9,38.2,26.2,7.05,1001,"wicked"
"글린다의 결혼식 날",75688,59900,8,476,"중국",2025,9,26.2,22.2,6.2,638,"wicked"
"에메랄드 시티",75684,149900,9,945,"중국",2024,10,37.8,35.4,7.05,1192,"wicked"
"엘파바와 글린다 피겨",75682,79900,10,558,"중국",2024,10,28.2,26.2,7.6,523,"wicked"
"글린다와 엘파바의 기숙사",75683,99900,8,740,"중국",2024,10,38.2,26.2,7.05,881,"wicked"
"엘파바의 은신처",75687,36900,7,228,"중국",2025,9,26.2,19.1,4.6,289,"wicked"
"시즈 대학교의 글린다, 엘파바 그리고 네사로즈",75681,44900,7,304,"중국",2024,10,26.2,19.1,6.1,415,"wicked"
